u,v,sim,source
Q2P__middle,Q3P__middle,0.5231740706938655,3_личное_содержание
Q2P__top,Q3P__top,0.5614402295336423,3_личное_содержание
Q2P__top,Q4P__top,0.508215310561881,4_тон_манера
Q2P__top,Q62P__top,0.5000596189158897,4_тон_манера
Q4P__top,Q62P__top,0.5057738938371786,4_тон_манера
Q4P__top,Q71P__top,0.5242158508048314,4_тон_манера
Q4P__top,Q74P__top,0.5199806780256455,4_тон_манера
Q4P__top,Q76P__top,0.5477134427438687,4_тон_манера
Q4P__top,Q82P__top,0.5018311824206487,4_тон_манера
Q4P__top,Q83P__top,0.5165677976618929,4_тон_манера
Q4P__top,Q85P__top,0.5308697108406832,4_тон_манера
Q4P__top,Q87P__top,0.5154172795648192,4_тон_манера
Q4P__top,Q113__bottom,0.5113784507010041,4_тон_манера
Q4P__top,Q199P__top,0.6903191464741142,2_группа_демография
Q5P__top,Q6P__top,0.6143588821996585,1_среда_страна
Q5P__top,Q27P__top,0.5999601752289925,1_среда_страна
Q5P__top,Q36P__bottom,0.5046872223209525,4_тон_манера
Q5P__top,Q43P__bottom,0.5525334303647775,4_тон_манера
Q5P__top,Q112__top,0.5181732443412652,1_среда_страна
Q5P__top,Q143P__top,0.5097990995422043,4_тон_манера
Q5P__top,Q164__top,0.6849116351478055,1_среда_страна
Q5P__top,Q169P__top,0.5569579835089499,1_среда_страна
Q5P__top,Q170P__top,0.514867663544299,1_среда_страна
Q5P__top,Q172P__top,0.5661952447349836,1_среда_страна
Q5P__top,Q173P__top,0.6592848257616903,4_тон_манера
Q5P__top,Q182__bottom,0.6160060590759909,1_среда_страна
Q5P__top,Q183__bottom,0.6366702617903716,4_тон_манера
Q5P__top,Q184__bottom,0.6622491204404178,1_среда_страна
Q5P__top,Q186__bottom,0.5272844199814636,1_среда_страна
Q5P__top,Q188__bottom,0.6239128410466523,1_среда_страна
Q5P__top,Q218P__bottom,0.6120586165500683,4_тон_манера
Q5P__top,Q254P__top,0.6638754223593359,3_личное_содержание
Q5P__top,Q255P__top,0.5817849972622742,4_тон_манера
Q5P__top,Q257P__top,0.5187700979152364,4_тон_манера
Q6P__bottom,Q64P__bottom,0.5869949247118863,3_личное_содержание
Q6P__bottom,Q171P__bottom,0.6038869853395495,3_личное_содержание
Q6P__bottom,Q172P__bottom,0.6929824561403509,1_среда_страна
Q6P__bottom,Q173P__middle,0.5071648768589722,4_тон_манера
Q6P__top,Q15P,0.6048639754772691,1_среда_страна
Q6P__top,Q22P,0.5709965505835657,1_среда_страна
Q6P__top,Q27P__top,0.6484469631424122,1_среда_страна
Q6P__top,Q28P__top,0.5193021361332368,4_тон_манера
Q6P__top,Q29P__top,0.5029825162838533,4_тон_манера
Q6P__top,Q36P__bottom,0.5880584192439863,1_среда_страна
Q6P__top,Q43P__bottom,0.5683773293687723,1_среда_страна
Q6P__top,Q45P__top,0.541796066252588,2_группа_демография
Q6P__top,Q57P__c1,0.5264640744582434,1_среда_страна
Q6P__top,Q64P__top,0.5179912919890811,4_тон_манера
Q6P__top,Q112__top,0.5518289226024446,1_среда_страна
Q6P__top,Q126__top,0.5060743763331169,4_тон_манера
Q6P__top,Q128__top,0.5312992470670636,1_среда_страна
Q6P__top,Q143P__top,0.5320790439001302,1_среда_страна
Q6P__top,Q146P__top,0.5284831846259437,2_группа_демография
Q6P__top,Q147P__top,0.5314001810879205,2_группа_демография
Q6P__top,Q148P__top,0.5054028658679821,4_тон_манера
Q6P__top,Q151P,0.540908722766664,4_тон_манера
Q6P__top,Q164__top,0.6849481486698241,1_среда_страна
Q6P__top,Q165P,0.56499787923981,1_среда_страна
Q6P__top,Q166P,0.6010909668649708,1_среда_страна
Q6P__top,Q167P,0.6420517951283334,1_среда_страна
Q6P__top,Q168P,0.6267211453817663,1_среда_страна
Q6P__top,Q169P__top,0.7413022846693363,1_среда_страна
Q6P__top,Q170P__top,0.6676928138365371,1_среда_страна
Q6P__top,Q171P__top,0.5218097709579149,3_личное_содержание
Q6P__top,Q172P__top,0.7408374645892352,1_среда_страна
Q6P__top,Q173P__top,0.6502221834974297,1_среда_страна
Q6P__top,Q182__bottom,0.6252680225659387,1_среда_страна
Q6P__top,Q183__bottom,0.5669090695258443,1_среда_страна
Q6P__top,Q184__bottom,0.6156729999272039,1_среда_страна
Q6P__top,Q185__bottom,0.5099611549033416,4_тон_манера
Q6P__top,Q186__bottom,0.677494590045684,1_среда_страна
Q6P__top,Q187__bottom,0.572318228876324,1_среда_страна
Q6P__top,Q188__bottom,0.6364122681883024,1_среда_страна
Q6P__top,Q193__bottom,0.5786526549945347,1_среда_страна
Q6P__top,Q195__bottom,0.5227458287101974,4_тон_манера
Q6P__top,Q205P__bottom,0.5477303806961048,1_среда_страна
Q6P__top,Q209P__bottom,0.5610769409307184,1_среда_страна
Q6P__top,Q210P__bottom,0.5346548523797849,1_среда_страна
Q6P__top,Q211P__bottom,0.529757927184152,2_группа_демография
Q6P__top,Q212P__bottom,0.5343745081236119,2_группа_демография
Q6P__top,Q214P__bottom,0.5291957483691437,1_среда_страна
Q6P__top,Q217P__bottom,0.5190596875969794,2_группа_демография
Q6P__top,Q218P__bottom,0.5269851448113712,1_среда_страна
Q6P__top,Q254P__top,0.587086643266211,1_среда_страна
Q6P__top,Q255P__top,0.5701972484667661,1_среда_страна
Q6P__top,Q256P__top,0.5289073814395071,4_тон_манера
Q6P__top,Q257P__top,0.5549295774647888,1_среда_страна
Q12P,Q33P__bottom,0.5083311072525711,4_тон_манера
Q15P,Q64P__top,0.5016256671369854,3_личное_содержание
Q15P,Q164__top,0.5044050130289118,3_личное_содержание
Q15P,Q169P__top,0.5625699105145414,3_личное_содержание
Q15P,Q170P__top,0.524188901415508,3_личное_содержание
Q15P,Q171P__top,0.5345218403479752,3_личное_содержание
Q15P,Q172P__top,0.5510422472411103,3_личное_содержание
Q15P,Q186__bottom,0.50644671046181,3_личное_содержание
Q18P,Q24P,0.7644687770759823,3_личное_содержание
Q19P,Q23P,0.547054277391356,3_личное_содержание
Q19P,Q26P,0.5347122536865457,3_личное_содержание
Q20P,Q22P,0.6368269110079077,1_среда_страна
Q20P,Q29P__top,0.5371793484143306,1_среда_страна
Q20P,Q170P__top,0.5128849148540714,4_тон_манера
Q20P,Q186__bottom,0.5026270562239136,4_тон_манера
Q22P,Q24P,0.5089472423976374,3_личное_содержание
Q22P,Q27P__top,0.5376246600181324,1_среда_страна
Q22P,Q28P__top,0.5102967366493592,4_тон_манера
Q22P,Q29P__top,0.5419878503241615,1_среда_страна
Q22P,Q36P__bottom,0.6401345291479821,1_среда_страна
Q22P,Q43P__bottom,0.5253500492350553,1_среда_страна
Q22P,Q128__top,0.508133600656156,4_тон_манера
Q22P,Q151P,0.5053692634991389,3_личное_содержание
Q22P,Q164__top,0.5117484258038152,4_тон_манера
Q22P,Q167P,0.505718588465139,3_личное_содержание
Q22P,Q169P__top,0.581492551821341,1_среда_страна
Q22P,Q170P__top,0.5921031767006713,1_среда_страна
Q22P,Q172P__top,0.5266870664081661,1_среда_страна
Q22P,Q173P__top,0.5008532113422648,4_тон_манера
Q22P,Q182__bottom,0.6368064835970169,1_среда_страна
Q22P,Q183__bottom,0.5377525557433792,1_среда_страна
Q22P,Q184__bottom,0.5366160652986498,1_среда_страна
Q22P,Q186__bottom,0.6101011677199553,1_среда_страна
Q22P,Q187__bottom,0.5106432631561401,4_тон_манера
Q22P,Q188__bottom,0.5484636522608044,1_среда_страна
Q22P,Q193__bottom,0.5342573944635312,1_среда_страна
Q22P,Q205P__bottom,0.5068020116341051,4_тон_манера
Q22P,Q209P__bottom,0.5583619865050025,1_среда_страна
Q22P,Q211P__bottom,0.5067643489595038,4_тон_манера
Q22P,Q212P__bottom,0.5006294816355575,4_тон_манера
Q22P,Q214P__bottom,0.5022593551423864,4_тон_манера
Q22P,Q215P__bottom,0.5008017929249019,4_тон_манера
Q22P,Q216P__bottom,0.5125089173698064,1_среда_страна
Q22P,Q217P__bottom,0.5007505253677574,4_тон_манера
Q22P,Q218P__bottom,0.5005457664119757,4_тон_манера
Q23P,Q26P,0.5027046305652975,3_личное_содержание
Q27P__top,Q28P__top,0.5218613775065388,4_тон_манера
Q27P__top,Q36P__bottom,0.5304905364542502,1_среда_страна
Q27P__top,Q38P__top,0.5307659022068368,4_тон_манера
Q27P__top,Q43P__bottom,0.5528521103647464,1_среда_страна
Q27P__top,Q45P__top,0.564055881697258,4_тон_манера
Q27P__top,Q112__top,0.5443408381193632,1_среда_страна
Q27P__top,Q126__top,0.5013348164627364,4_тон_манера
Q27P__top,Q128__top,0.550931841212495,4_тон_манера
Q27P__top,Q143P__top,0.5396347719034266,4_тон_манера
Q27P__top,Q146P__top,0.5222539165081952,4_тон_манера
Q27P__top,Q147P__top,0.5217604129583482,4_тон_манера
Q27P__top,Q148P__top,0.5007447466715552,4_тон_манера
Q27P__top,Q151P,0.5625395794430462,4_тон_манера
Q27P__top,Q164__top,0.6153040948122915,1_среда_страна
Q27P__top,Q165P,0.5485138955934074,1_среда_страна
Q27P__top,Q166P,0.5546110893765338,1_среда_страна
Q27P__top,Q167P,0.5840113125677979,1_среда_страна
Q27P__top,Q168P,0.5750844679356371,1_среда_страна
Q27P__top,Q169P__top,0.6328211127860148,1_среда_страна
Q27P__top,Q170P__top,0.5806583986868503,1_среда_страна
Q27P__top,Q172P__top,0.6222628929995424,1_среда_страна
Q27P__top,Q173P__top,0.5830347105115233,1_среда_страна
Q27P__top,Q182__bottom,0.5897693499100004,1_среда_страна
Q27P__top,Q183__bottom,0.5600410807394534,1_среда_страна
Q27P__top,Q184__bottom,0.5908266959626476,1_среда_страна
Q27P__top,Q186__bottom,0.5994516508075479,1_среда_страна
Q27P__top,Q187__bottom,0.5668217551740735,1_среда_страна
Q27P__top,Q188__bottom,0.6083516045445485,1_среда_страна
Q27P__top,Q193__bottom,0.5633160781889824,1_среда_страна
Q27P__top,Q209P__bottom,0.5360379511736669,1_среда_страна
Q27P__top,Q210P__bottom,0.5541015452538631,4_тон_манера
Q27P__top,Q211P__bottom,0.5440345846367745,4_тон_манера
Q27P__top,Q212P__bottom,0.5450187688349224,4_тон_манера
Q27P__top,Q214P__bottom,0.5285298625147147,2_группа_демография
Q27P__top,Q216P__bottom,0.5066095905602626,1_среда_страна
Q27P__top,Q217P__bottom,0.5059448704260895,4_тон_манера
Q27P__top,Q218P__bottom,0.5545965259691341,1_среда_страна
Q27P__top,Q254P__top,0.5995133458402214,1_среда_страна
Q27P__top,Q255P__top,0.5983243491705319,1_среда_страна
Q27P__top,Q256P__top,0.5228283722474273,4_тон_манера
Q27P__top,Q257P__top,0.55221027479092,1_среда_страна
Q28P__middle,Q29P__middle,0.5089953021567372,4_тон_манера
Q28P__middle,Q30P__middle,0.5002182770663562,4_тон_манера
Q28P__middle,Q31P__middle,0.5072981524956619,4_тон_манера
Q28P__top,Q29P__top,0.5164792366486539,4_тон_манера
Q28P__top,Q128__top,0.5098592791918479,4_тон_манера
Q28P__top,Q169P__top,0.5447560776254642,1_среда_страна
Q28P__top,Q170P__top,0.5385890448803275,2_группа_демография
Q28P__top,Q172P__top,0.5010966875559535,4_тон_манера
Q28P__top,Q182__bottom,0.5162217142377786,4_тон_манера
Q28P__top,Q184__bottom,0.5108154301361807,4_тон_манера
Q28P__top,Q186__bottom,0.5282875368007851,1_среда_страна
Q28P__top,Q188__bottom,0.5114906894413664,4_тон_манера
Q28P__top,Q209P__bottom,0.5084160126363592,4_тон_манера
Q28P__top,Q216P__bottom,0.5052222142188287,4_тон_манера
Q28P__top,Q217P__bottom,0.5050747370363535,4_тон_манера
Q28P__top,Q218P__bottom,0.5007548309178744,4_тон_манера
Q29P__bottom,Q30P__bottom,0.502310642063518,3_личное_содержание
Q29P__bottom,Q31P__bottom,0.6656500727255665,3_личное_содержание
Q29P__middle,Q30P__middle,0.6093685161227329,4_тон_манера
Q29P__middle,Q31P__middle,0.6822188060466308,3_личное_содержание
Q29P__top,Q31P__top,0.6798460746321238,3_личное_содержание
Q29P__top,Q169P__top,0.5378910940038139,2_группа_демография
Q29P__top,Q170P__top,0.5533399294720552,1_среда_страна
Q29P__top,Q182__bottom,0.5081869982418606,4_тон_манера
Q29P__top,Q186__bottom,0.5246433524866257,1_среда_страна
Q29P__top,Q209P__bottom,0.5032228710093274,4_тон_манера
Q30P__bottom,Q31P__bottom,0.591932488351634,3_личное_содержание
Q30P__middle,Q31P__middle,0.6739314892482242,4_тон_манера
Q30P__middle,Q34P__middle,0.5092220800423598,4_тон_манера
Q30P__middle,Q37P__middle,0.5000558771596523,4_тон_манера
Q30P__middle,Q39P__middle,0.5047264743550649,4_тон_манера
Q30P__middle,Q41P__middle,0.5010548311265597,4_тон_манера
Q30P__top,Q31P__top,0.5033253279142804,3_личное_содержание
Q31P__top,Q35P__top,0.5134844905347774,4_тон_манера
Q33P__bottom,Q35P__bottom,0.6190465286682543,1_среда_страна
Q33P__bottom,Q37P__bottom,0.5102494216806761,3_личное_содержание
Q33P__bottom,Q54P__bottom,0.5112661154433951,4_тон_манера
Q33P__bottom,Q62P__top,0.5346994145366272,1_среда_страна
Q33P__bottom,Q93,0.5140125637175067,2_группа_демография
Q33P__bottom,Q111__c1,0.510952682113494,4_тон_манера
Q33P__bottom,Q123__top,0.5233273853680053,4_тон_манера
Q33P__bottom,Q204P__top,0.5115773652354064,4_тон_манера
Q33P__bottom,Q206P__top,0.5410556546712502,2_группа_демография
Q33P__bottom,Q207P__top,0.5070953962980541,4_тон_манера
Q33P__bottom,Q231P__bottom,0.5114325593198833,4_тон_манера
Q33P__bottom,Q235P__bottom,0.5364769084917159,4_тон_манера
Q33P__bottom,Q237P__bottom,0.5236540415034102,4_тон_манера
Q33P__bottom,Q238P__top,0.5309052785121706,4_тон_манера
Q33P__bottom,Q239P__bottom,0.5178074301622348,4_тон_манера
Q33P__bottom,Q242__bottom,0.5779073893373547,1_среда_страна
Q33P__bottom,Q245__bottom,0.5250844187168355,4_тон_манера
Q33P__bottom,Q249__top,0.5213505616924207,4_тон_манера
Q33P__bottom,Q250__top,0.5097690625611122,4_тон_манера
Q34P__middle,Q37P__middle,0.562319860949154,4_тон_манера
Q34P__middle,Q39P__middle,0.5892947281280917,3_личное_содержание
Q34P__middle,Q40P__middle,0.5216229827673039,4_тон_манера
Q34P__middle,Q41P__middle,0.5712003195526263,4_тон_манера
Q34P__top,Q38P__top,0.5697632496094219,3_личное_содержание
Q34P__top,Q39P__top,0.5182686028794428,4_тон_манера
Q35P__bottom,Q54P__bottom,0.5048110169324087,4_тон_манера
Q35P__bottom,Q62P__top,0.5032072072072072,4_тон_манера
Q35P__bottom,Q116__middle,0.5011717808879251,4_тон_манера
Q35P__bottom,Q231P__bottom,0.5192797333123343,4_тон_манера
Q35P__bottom,Q242__bottom,0.5273747512910509,4_тон_манера
Q36P__bottom,Q43P__bottom,0.5417109992810928,1_среда_страна
Q36P__bottom,Q112__top,0.5236030551886521,1_среда_страна
Q36P__bottom,Q124__top,0.5100104481405133,4_тон_манера
Q36P__bottom,Q126__top,0.5116056680865861,4_тон_манера
Q36P__bottom,Q128__top,0.5165426414690294,4_тон_манера
Q36P__bottom,Q151P,0.5019313432244518,4_тон_манера
Q36P__bottom,Q164__top,0.5568507337710987,1_среда_страна
Q36P__bottom,Q167P,0.5096621307991107,4_тон_манера
Q36P__bottom,Q169P__top,0.5716166088309201,1_среда_страна
Q36P__bottom,Q170P__top,0.5440940673436665,1_среда_страна
Q36P__bottom,Q172P__top,0.5689074190416358,1_среда_страна
Q36P__bottom,Q173P__top,0.5369293552957097,1_среда_страна
Q36P__bottom,Q182__bottom,0.6546843405976185,1_среда_страна
Q36P__bottom,Q183__bottom,0.5649562343694177,1_среда_страна
Q36P__bottom,Q184__bottom,0.5598681388155072,1_среда_страна
Q36P__bottom,Q186__bottom,0.5838020575292163,1_среда_страна
Q36P__bottom,Q187__bottom,0.5339966832504146,1_среда_страна
Q36P__bottom,Q188__bottom,0.5733946106130239,1_среда_страна
Q36P__bottom,Q193__bottom,0.5545325938068398,1_среда_страна
Q36P__bottom,Q205P__bottom,0.5262927256792288,2_группа_демография
Q36P__bottom,Q209P__bottom,0.5159116216374612,2_группа_демография
Q36P__bottom,Q210P__bottom,0.5045810819469064,4_тон_манера
Q36P__bottom,Q211P__bottom,0.5001484360240737,4_тон_манера
Q36P__bottom,Q212P__bottom,0.5059306373286346,4_тон_манера
Q36P__bottom,Q215P__bottom,0.5093542128603105,2_группа_демография
Q36P__bottom,Q216P__bottom,0.5030649775234982,4_тон_манера
Q36P__bottom,Q217P__bottom,0.5048722425011903,4_тон_манера
Q36P__bottom,Q218P__bottom,0.5201085095735996,2_группа_демография
Q36P__bottom,Q254P__top,0.5063538168285378,4_тон_манера
Q37P__middle,Q39P__middle,0.5722515212981745,4_тон_манера
Q37P__middle,Q40P__middle,0.5590666341657987,4_тон_манера
Q37P__middle,Q41P__middle,0.6001846907433802,4_тон_манера
Q37P__middle,Q161__middle,0.5100085622382153,4_тон_манера
Q38P__middle,Q40P__middle,0.5195816161762224,3_личное_содержание
Q38P__top,Q39P__top,0.5697723187537448,3_личное_содержание
Q38P__top,Q40P__top,0.5520992537984357,3_личное_содержание
Q39P__middle,Q40P__middle,0.5633496026783914,3_личное_содержание
Q39P__middle,Q41P__middle,0.64270465473554,4_тон_манера
Q39P__top,Q40P__top,0.6066048667439166,3_личное_содержание
Q40P__middle,Q41P__middle,0.5599617201985765,4_тон_манера
Q40P__top,Q41P__top,0.5516715587237448,3_личное_содержание
Q43P__bottom,Q110__bottom,0.505273074006847,4_тон_манера
Q43P__bottom,Q112__top,0.5216642952219214,1_среда_страна
Q43P__bottom,Q126__top,0.506661378006953,4_тон_манера
Q43P__bottom,Q128__top,0.5317502432121695,4_тон_манера
Q43P__bottom,Q135P__bottom,0.5121838433390968,4_тон_манера
Q43P__bottom,Q164__top,0.5506123469132717,1_среда_страна
Q43P__bottom,Q167P,0.517761159149334,4_тон_манера
Q43P__bottom,Q169P__top,0.5379615123810415,1_среда_страна
Q43P__bottom,Q170P__top,0.5027020477402157,1_среда_страна
Q43P__bottom,Q172P__top,0.5540731439334484,1_среда_страна
Q43P__bottom,Q173P__top,0.5247833009021758,4_тон_манера
Q43P__bottom,Q182__bottom,0.5546745188768535,1_среда_страна
Q43P__bottom,Q183__bottom,0.5302979313075324,1_среда_страна
Q43P__bottom,Q184__bottom,0.5471822960702863,1_среда_страна
Q43P__bottom,Q186__bottom,0.5457197974439354,1_среда_страна
Q43P__bottom,Q187__bottom,0.5415821501014199,2_группа_демография
Q43P__bottom,Q188__bottom,0.5490050698354808,1_среда_страна
Q43P__bottom,Q193__bottom,0.5301974448315911,1_среда_страна
Q43P__bottom,Q205P__bottom,0.5427294065049737,1_среда_страна
Q43P__bottom,Q209P__bottom,0.510310843317219,2_группа_демография
Q43P__bottom,Q210P__bottom,0.5226262375799224,4_тон_манера
Q43P__bottom,Q212P__bottom,0.5181988610236639,4_тон_манера
Q43P__bottom,Q214P__bottom,0.5228556280399254,2_группа_демография
Q43P__bottom,Q215P__bottom,0.5211627203268023,4_тон_манера
Q43P__bottom,Q216P__bottom,0.5035181013863409,4_тон_манера
Q43P__bottom,Q217P__bottom,0.5092276319143513,4_тон_манера
Q43P__bottom,Q218P__bottom,0.5299930801833751,1_среда_страна
Q43P__bottom,Q219P__bottom,0.5059916520802478,4_тон_манера
Q43P__bottom,Q254P__top,0.53337443255058,4_тон_манера
Q43P__bottom,Q255P__top,0.5242555688271411,4_тон_манера
Q43P__bottom,Q257P__top,0.5160988308366825,4_тон_манера
Q44P__top,Q45P__top,0.6523398116982829,3_личное_содержание
Q44P__top,Q163__top,0.5660639343495015,4_тон_манера
Q45P__top,Q164__top,0.664464089591473,2_группа_демография
Q45P__top,Q169P__top,0.5389263036367135,4_тон_манера
Q45P__top,Q172P__top,0.5475814394291342,2_группа_демография
Q45P__top,Q173P__top,0.6446924983506,3_личное_содержание
Q45P__top,Q186__bottom,0.5009110645886641,4_тон_манера
Q45P__top,Q188__bottom,0.6053551975230778,4_тон_манера
Q45P__top,Q254P__top,0.6573212237453225,4_тон_манера
Q45P__top,Q257P__top,0.5093259738094797,4_тон_манера
Q46P__middle,Q47P__middle,0.5198084541713143,4_тон_манера
Q46P__middle,Q48__middle,0.5333488264001859,4_тон_манера
Q46P__middle,Q49__middle,0.6066009909197818,4_тон_манера
Q46P__middle,Q50__middle,0.5200262639527249,4_тон_манера
Q46P__middle,Q131P__middle,0.545807648456975,3_личное_содержание
Q46P__top,Q49__top,0.5114516672280229,3_личное_содержание
Q47P__middle,Q49__middle,0.5086890211157176,4_тон_манера
Q48__bottom,Q49__bottom,0.5100677042117295,3_личное_содержание
Q48__middle,Q49__middle,0.6355363881401618,3_личное_содержание
Q48__middle,Q50__middle,0.5390518262136806,4_тон_манера
Q48__middle,Q90__middle,0.5361839775222534,4_тон_манера
Q48__middle,Q107__middle,0.5339470655926352,4_тон_манера
Q48__middle,Q131P__middle,0.5142667257421356,4_тон_манера
Q48__middle,Q161__middle,0.514684652703822,4_тон_манера
Q48__middle,Q251__middle,0.5129785998302283,4_тон_манера
Q48__middle,Q253P__middle,0.5092956574018407,4_тон_манера
Q48__top,Q49__top,0.5426468070535867,3_личное_содержание
Q49__bottom,Q50__bottom,0.5215754923413567,3_личное_содержание
Q49__middle,Q50__middle,0.5793958171959721,4_тон_манера
Q49__middle,Q75P__middle,0.5374911000355999,4_тон_манера
Q49__middle,Q90__middle,0.5370586752812335,4_тон_манера
Q49__middle,Q107__middle,0.5346911667035643,4_тон_манера
Q49__middle,Q131P__middle,0.536830982878337,4_тон_манера
Q49__middle,Q161__middle,0.5077575948088107,4_тон_манера
Q49__middle,Q253P__middle,0.5057742782152231,4_тон_манера
Q49__top,Q50__top,0.5308372868316451,3_личное_содержание
Q50__middle,Q90__middle,0.5186172094229726,4_тон_манера
Q50__middle,Q107__middle,0.520329127306994,4_тон_манера
Q50__middle,Q161__middle,0.5177724271104012,4_тон_манера
Q50__middle,Q251__middle,0.5212175270375738,4_тон_манера
Q51P__bottom,Q52P__bottom,0.7816384694681948,3_личное_содержание
Q51P__bottom,Q53P__bottom,0.7876847440138387,3_личное_содержание
Q51P__bottom,Q54P__bottom,0.713403344765836,2_группа_демография
Q51P__bottom,Q55P__bottom,0.783370983935743,3_личное_содержание
Q51P__bottom,Q56P__top,0.612853122549095,4_тон_манера
Q51P__bottom,Q134P__bottom,0.6209104190948339,4_тон_манера
Q51P__bottom,Q136P__bottom,0.590554059892977,4_тон_манера
Q51P__bottom,Q137P__bottom,0.5115739248178477,4_тон_манера
Q51P__bottom,Q231P__bottom,0.5132522173814937,4_тон_манера
Q51P__bottom,Q242__bottom,0.5518668236941783,4_тон_манера
Q52P__bottom,Q53P__bottom,0.7598257425742574,3_личное_содержание
Q52P__bottom,Q54P__bottom,0.6649069406132091,3_личное_содержание
Q52P__bottom,Q55P__bottom,0.7394005572708788,3_личное_содержание
Q52P__bottom,Q134P__bottom,0.6329224298586059,3_личное_содержание
Q52P__bottom,Q135P__bottom,0.6376389265383573,3_личное_содержание
Q52P__bottom,Q136P__bottom,0.623726534622744,3_личное_содержание
Q52P__bottom,Q137P__bottom,0.534116424813164,4_тон_манера
Q52P__bottom,Q138P__bottom,0.6572021556760905,3_личное_содержание
Q52P__bottom,Q231P__bottom,0.5105905761056344,4_тон_манера
Q53P__bottom,Q54P__bottom,0.7476448322102083,1_среда_страна
Q53P__bottom,Q55P__bottom,0.7062620073079773,3_личное_содержание
Q53P__bottom,Q56P__top,0.6096923420867083,4_тон_манера
Q53P__bottom,Q134P__bottom,0.6340219378427788,3_личное_содержание
Q53P__bottom,Q136P__bottom,0.6044486529642213,3_личное_содержание
Q53P__bottom,Q137P__bottom,0.5329188068847436,4_тон_манера
Q53P__bottom,Q138P__bottom,0.6437331737959916,3_личное_содержание
Q53P__bottom,Q230P__bottom,0.5068998684804585,4_тон_манера
Q53P__bottom,Q231P__bottom,0.5219581178202669,4_тон_манера
Q53P__bottom,Q242__bottom,0.5582452450132801,4_тон_манера
Q54P__bottom,Q55P__bottom,0.6260797509039775,3_личное_содержание
Q54P__bottom,Q56P__top,0.6201652380860244,4_тон_манера
Q54P__bottom,Q76P__top,0.5227098234129389,4_тон_манера
Q54P__bottom,Q113__bottom,0.5462431964632035,4_тон_манера
Q54P__bottom,Q115__bottom,0.5833438485804416,4_тон_манера
Q54P__bottom,Q116__middle,0.5739242828552368,4_тон_манера
Q54P__bottom,Q134P__bottom,0.6139659839211409,3_личное_содержание
Q54P__bottom,Q136P__bottom,0.5966375905548398,3_личное_содержание
Q54P__bottom,Q137P__bottom,0.5355798231929277,4_тон_манера
Q54P__bottom,Q138P__bottom,0.585834859463333,3_личное_содержание
Q54P__bottom,Q227P__bottom,0.5585099233905291,4_тон_манера
Q54P__bottom,Q230P__bottom,0.5150301513255205,4_тон_манера
Q54P__bottom,Q231P__bottom,0.532836892158622,1_среда_страна
Q54P__bottom,Q235P__bottom,0.546550902422346,4_тон_манера
Q54P__bottom,Q242__bottom,0.5706764452820912,1_среда_страна
Q54P__bottom,Q253P__middle,0.511202478846383,4_тон_манера
Q56P__top,Q71P__top,0.513669291960285,4_тон_манера
Q56P__top,Q74P__top,0.554889308051226,4_тон_манера
Q56P__top,Q76P__top,0.5230004967709886,4_тон_манера
Q56P__top,Q87P__top,0.5191326219139948,4_тон_манера
Q57P__c1,Q112__top,0.5071629193659934,4_тон_манера
Q57P__c1,Q164__top,0.6741819320494755,4_тон_манера
Q57P__c1,Q169P__top,0.5280844299213989,1_среда_страна
Q57P__c1,Q172P__top,0.5290056221730615,2_группа_демография
Q59P__bottom,Q61P__bottom,0.5022328383009659,3_личное_содержание
Q59P__middle,Q60P__middle,0.6449498693090937,3_личное_содержание
Q59P__middle,Q62P__top,0.5188383521750561,4_тон_манера
Q59P__middle,Q75P__middle,0.5397627372122633,3_личное_содержание
Q59P__middle,Q80P__middle,0.51031191409579,4_тон_манера
Q59P__middle,Q131P__middle,0.5276859584955111,4_тон_манера
Q60P__middle,Q75P__middle,0.5401578073089701,3_личное_содержание
Q61P__bottom,Q63P__bottom,0.5494241326109576,3_личное_содержание
Q61P__middle,Q62P__middle,0.5119419556404762,4_тон_манера
Q61P__middle,Q63P__middle,0.5291979271405368,4_тон_манера
Q61P__top,Q63P__top,0.5211786867599569,3_личное_содержание
Q62P__bottom,Q63P__bottom,0.652718738930216,3_личное_содержание
Q62P__middle,Q63P__middle,0.7177350359643841,3_личное_содержание
Q62P__top,Q63P__top,0.771718437477408,3_личное_содержание
Q62P__top,Q74P__top,0.506360806604412,4_тон_манера
Q62P__top,Q76P__top,0.5142633005277422,4_тон_манера
Q62P__top,Q80P__middle,0.5119032365528022,4_тон_манера
Q62P__top,Q83P__top,0.5355278902212378,4_тон_манера
Q62P__top,Q85P__top,0.5398458312078445,4_тон_манера
Q62P__top,Q93,0.5021060945109912,4_тон_манера
Q62P__top,Q113__bottom,0.5126859348521936,4_тон_манера
Q62P__top,Q115__bottom,0.5144161774298761,4_тон_манера
Q62P__top,Q116__middle,0.5147446439433193,4_тон_манера
Q62P__top,Q123__top,0.5102142812519522,4_тон_манера
Q62P__top,Q130P__top,0.5010618857114634,4_тон_манера
Q62P__top,Q199P__top,0.5140180214632281,4_тон_манера
Q62P__top,Q206P__top,0.5024655055417326,4_тон_манера
Q62P__top,Q242__bottom,0.5078709078244718,4_тон_манера
Q63P__top,Q85P__top,0.5055658362989324,4_тон_манера
Q63P__top,Q86P__top,0.5043989232486377,4_тон_манера
Q63P__top,Q130P__top,0.5009299279633268,4_тон_манера
Q64P__bottom,Q81P__bottom,0.5030394256932785,4_тон_манера
Q64P__bottom,Q171P__bottom,0.5947390513502169,3_личное_содержание
Q64P__bottom,Q172P__bottom,0.5227732793522267,3_личное_содержание
Q64P__bottom,Q239P__bottom,0.545653506084216,4_тон_манера
Q64P__top,Q171P__top,0.5143223023522275,3_личное_содержание
Q65P__bottom,Q69P__bottom,0.5557025596716708,3_личное_содержание
Q65P__bottom,Q70P__bottom,0.507189378757515,4_тон_манера
Q65P__middle,Q69P__middle,0.5838620952588437,4_тон_манера
Q65P__middle,Q70P__middle,0.5419356665534035,4_тон_манера
Q66P__bottom,Q67P__bottom,0.637844471717059,3_личное_содержание
Q66P__bottom,Q68P__bottom,0.5097415284988556,3_личное_содержание
Q66P__middle,Q67P__middle,0.714864548972754,3_личное_содержание
Q66P__middle,Q68P__middle,0.5585652544939026,3_личное_содержание
Q66P__middle,Q72P__middle,0.5371826436872899,4_тон_манера
Q66P__middle,Q77P__middle,0.5176890619928595,4_тон_манера
Q66P__top,Q67P__top,0.748507017020006,3_личное_содержание
Q66P__top,Q68P__top,0.6361060681080486,3_личное_содержание
Q66P__top,Q71P__top,0.5901713902719264,3_личное_содержание
Q66P__top,Q73P__top,0.602173256866888,3_личное_содержание
Q66P__top,Q74P__top,0.5656759559586064,4_тон_манера
Q66P__top,Q76P__top,0.5695773339526242,4_тон_манера
Q66P__top,Q77P__top,0.5642955191685459,4_тон_манера
Q66P__top,Q82P__top,0.5594933625624162,4_тон_манера
Q66P__top,Q83P__top,0.535713397188705,4_тон_манера
Q66P__top,Q84P__top,0.5634826921881797,4_тон_манера
Q66P__top,Q85P__top,0.5338919145370759,4_тон_манера
Q66P__top,Q86P__top,0.5420415224913495,4_тон_манера
Q66P__top,Q87P__top,0.5420256823614431,4_тон_манера
Q66P__top,Q89P__top,0.5332649269253168,4_тон_манера
Q67P__middle,Q68P__middle,0.5688523686097171,3_личное_содержание
Q67P__middle,Q72P__middle,0.5402014725035218,4_тон_манера
Q67P__middle,Q77P__middle,0.5308796346634772,3_личное_содержание
Q67P__top,Q68P__top,0.6492673267326733,3_личное_содержание
Q67P__top,Q71P__top,0.6310218804879206,1_среда_страна
Q67P__top,Q73P__top,0.5881861454324488,3_личное_содержание
Q67P__top,Q74P__top,0.5981831347508393,4_тон_манера
Q67P__top,Q76P__top,0.5974762970310734,4_тон_манера
Q67P__top,Q77P__top,0.6052111542121057,3_личное_содержание
Q67P__top,Q79P__middle,0.5166352953146461,4_тон_манера
Q67P__top,Q80P__middle,0.5047334454963213,4_тон_манера
Q67P__top,Q82P__top,0.5940189067991759,4_тон_манера
Q67P__top,Q83P__top,0.5581256972852362,4_тон_манера
Q67P__top,Q84P__top,0.5877557346559207,4_тон_манера
Q67P__top,Q85P__top,0.5486900780379041,4_тон_манера
Q67P__top,Q86P__top,0.5498824668141593,4_тон_манера
Q67P__top,Q87P__top,0.5733078542151324,4_тон_манера
Q67P__top,Q89P__top,0.5590173922676415,4_тон_манера
Q67P__top,Q113__bottom,0.5022902161964089,4_тон_манера
Q68P__middle,Q72P__middle,0.5314786867507617,4_тон_манера
Q68P__middle,Q73P__middle,0.5142992761362288,4_тон_манера
Q68P__middle,Q77P__middle,0.5274583051445716,4_тон_манера
Q68P__top,Q69P__middle,0.5008080642068644,4_тон_манера
Q68P__top,Q70P__middle,0.5014325858174004,4_тон_манера
Q68P__top,Q71P__top,0.601680207259099,4_тон_манера
Q68P__top,Q73P__top,0.5980587909040488,3_личное_содержание
Q68P__top,Q74P__top,0.6092423328538951,3_личное_содержание
Q68P__top,Q76P__top,0.587814756978333,4_тон_манера
Q68P__top,Q77P__top,0.5814791161067825,4_тон_манера
Q68P__top,Q79P__middle,0.5284539867507383,4_тон_манера
Q68P__top,Q80P__middle,0.5150048402710552,4_тон_манера
Q68P__top,Q82P__top,0.5969036334913113,4_тон_манера
Q68P__top,Q83P__top,0.5647707083451348,4_тон_манера
Q68P__top,Q84P__top,0.5835670576236613,4_тон_манера
Q68P__top,Q85P__top,0.566891407258643,4_тон_манера
Q68P__top,Q86P__top,0.5790876145811128,4_тон_манера
Q68P__top,Q87P__top,0.566475808760378,4_тон_манера
Q68P__top,Q89P__top,0.561892269525792,4_тон_манера
Q69P__bottom,Q70P__bottom,0.7193344131939331,3_личное_содержание
Q69P__bottom,Q78P__bottom,0.5533566450908911,4_тон_манера
Q69P__bottom,Q79P__bottom,0.5604750118196735,4_тон_манера
Q69P__bottom,Q80P__bottom,0.5345879669232962,4_тон_манера
Q69P__bottom,Q81P__bottom,0.5233129004521122,4_тон_манера
Q69P__bottom,Q88P__bottom,0.5142188846485288,4_тон_манера
Q69P__bottom,Q112__top,0.5373490455784963,4_тон_манера
Q69P__bottom,Q116__top,0.5610874549623321,3_личное_содержание
Q69P__bottom,Q229P__bottom,0.5261152336475374,4_тон_манера
Q69P__bottom,Q253P__bottom,0.5223379691778983,4_тон_манера
Q69P__middle,Q70P__middle,0.661563988652786,3_личное_содержание
Q69P__middle,Q71P__top,0.5132262635805385,4_тон_манера
Q69P__middle,Q74P__top,0.5176431790700231,4_тон_манера
Q69P__middle,Q75P__middle,0.5318572579922988,4_тон_манера
Q69P__middle,Q76P__top,0.5069157246576601,4_тон_манера
Q69P__middle,Q78P__middle,0.530039123211319,4_тон_манера
Q69P__middle,Q79P__middle,0.5240966921119593,4_тон_манера
Q69P__middle,Q80P__middle,0.5193172963326044,4_тон_манера
Q69P__middle,Q81P__middle,0.5161506017899393,4_тон_манера
Q69P__middle,Q88P__middle,0.5167909906249093,4_тон_манера
Q69P__top,Q70P__top,0.5986998304126625,3_личное_содержание
Q70P__bottom,Q78P__bottom,0.6234283580231544,2_группа_демография
Q70P__bottom,Q79P__bottom,0.575357563951402,4_тон_манера
Q70P__bottom,Q80P__bottom,0.5417762120096751,4_тон_манера
Q70P__bottom,Q81P__bottom,0.530626835184476,4_тон_манера
Q70P__bottom,Q88P__bottom,0.5328843552750225,4_тон_манера
Q70P__bottom,Q112__top,0.5789823662693331,1_среда_страна
Q70P__bottom,Q116__top,0.5370604604098154,3_личное_содержание
Q70P__bottom,Q229P__bottom,0.522010582010582,4_тон_манера
Q70P__bottom,Q253P__bottom,0.514321882446386,4_тон_манера
Q70P__middle,Q71P__top,0.5317061554947018,4_тон_манера
Q70P__middle,Q73P__top,0.5219968087531343,4_тон_манера
Q70P__middle,Q74P__top,0.5231353054748008,4_тон_манера
Q70P__middle,Q75P__middle,0.5171293161814489,4_тон_манера
Q70P__middle,Q76P__top,0.510729017008852,4_тон_манера
Q70P__middle,Q78P__middle,0.5353088320184722,3_личное_содержание
Q70P__middle,Q79P__middle,0.5137555817892522,3_личное_содержание
Q70P__middle,Q80P__middle,0.5114925070878898,4_тон_манера
Q70P__middle,Q81P__middle,0.503048543185533,4_тон_манера
Q70P__middle,Q88P__middle,0.5097236438075742,4_тон_манера
Q71P__bottom,Q72P__bottom,0.5852790283739923,3_личное_содержание
Q71P__bottom,Q73P__bottom,0.663767877014384,3_личное_содержание
Q71P__bottom,Q76P__bottom,0.5589285714285714,3_личное_содержание
Q71P__middle,Q72P__middle,0.5443162020905923,4_тон_манера
Q71P__middle,Q73P__middle,0.6159267089499648,3_личное_содержание
Q71P__middle,Q74P__middle,0.5346585942305825,3_личное_содержание
Q71P__middle,Q76P__middle,0.5186826467922248,3_личное_содержание
Q71P__top,Q72P__top,0.561456825856247,3_личное_содержание
Q71P__top,Q73P__top,0.7136094674556213,2_группа_демография
Q71P__top,Q74P__top,0.7022423506020103,1_среда_страна
Q71P__top,Q75P__middle,0.5111011033551002,4_тон_манера
Q71P__top,Q76P__top,0.6955850144092219,1_среда_страна
Q71P__top,Q77P__top,0.642804536750626,1_среда_страна
Q71P__top,Q78P__middle,0.5054506335166149,4_тон_манера
Q71P__top,Q79P__middle,0.5412109035890568,4_тон_манера
Q71P__top,Q80P__middle,0.5472984920053551,4_тон_манера
Q71P__top,Q81P__middle,0.5111193752324285,4_тон_манера
Q71P__top,Q82P__top,0.619121636036695,2_группа_демография
Q71P__top,Q83P__top,0.5938128460411649,4_тон_манера
Q71P__top,Q84P__top,0.6143854031356675,4_тон_манера
Q71P__top,Q85P__top,0.5971233068007261,4_тон_манера
Q71P__top,Q86P__top,0.5652933997427186,4_тон_манера
Q71P__top,Q87P__top,0.6181843420322043,1_среда_страна
Q71P__top,Q88P__middle,0.5064056633515807,4_тон_манера
Q71P__top,Q89P__top,0.6014657709177724,4_тон_манера
Q71P__top,Q113__bottom,0.5919351505270168,1_среда_страна
Q71P__top,Q114__bottom,0.538802754425246,4_тон_манера
Q71P__top,Q115__bottom,0.5345994694960212,3_личное_содержание
Q71P__top,Q163__top,0.5193708573053617,4_тон_манера
Q71P__top,Q170P__top,0.5038912909203211,4_тон_манера
Q71P__top,Q186__bottom,0.5252228378703927,1_среда_страна
Q71P__top,Q193__bottom,0.5165043656709194,4_тон_манера
Q71P__top,Q199P__top,0.5108667620097063,4_тон_манера
Q71P__top,Q211P__bottom,0.5046452797241935,4_тон_манера
Q71P__top,Q212P__bottom,0.5060519564981754,4_тон_манера
Q71P__top,Q227P__bottom,0.5169989126495107,4_тон_манера
Q71P__top,Q230P__bottom,0.5260601286595773,4_тон_манера
Q71P__top,Q252__top,0.5570075530511929,3_личное_содержание
Q71P__top,Q253P__middle,0.5286336315017275,4_тон_манера
Q71P__top,Q254P__top,0.5071656501954268,4_тон_манера
Q72P__bottom,Q73P__bottom,0.714860127843838,3_личное_содержание
Q72P__bottom,Q76P__bottom,0.5036257392283864,3_личное_содержание
Q72P__middle,Q73P__middle,0.6649728164358113,3_личное_содержание
Q72P__middle,Q74P__middle,0.5093080724876442,4_тон_манера
Q72P__middle,Q77P__middle,0.5369440258943021,4_тон_манера
Q72P__top,Q73P__top,0.6629814760364598,3_личное_содержание
Q73P__bottom,Q76P__bottom,0.559612518628912,3_личное_содержание
Q73P__middle,Q74P__middle,0.580659973062324,4_тон_манера
Q73P__middle,Q76P__middle,0.5297183923999876,4_тон_манера
Q73P__middle,Q77P__middle,0.5083288248526439,4_тон_манера
Q73P__middle,Q82P__middle,0.5132411357952038,4_тон_манера
Q73P__middle,Q84P__middle,0.5142827319856651,4_тон_манера
Q73P__top,Q74P__top,0.6355243886201234,3_личное_содержание
Q73P__top,Q76P__top,0.6246933196252074,3_личное_содержание
Q73P__top,Q77P__top,0.568805074914225,4_тон_манера
Q73P__top,Q82P__top,0.5505717605332355,4_тон_манера
Q73P__top,Q83P__top,0.5252590835310276,4_тон_манера
Q73P__top,Q84P__top,0.5524856715674059,4_тон_манера
Q73P__top,Q85P__top,0.5255609400823552,4_тон_манера
Q73P__top,Q86P__top,0.5257642527499219,4_тон_манера
Q73P__top,Q87P__top,0.5357670747692221,4_тон_манера
Q73P__top,Q89P__top,0.5237989138003064,4_тон_манера
Q73P__top,Q113__bottom,0.5096370695868498,3_личное_содержание
Q73P__top,Q252__top,0.575348933282186,3_личное_содержание
Q74P__bottom,Q76P__bottom,0.5028471309680246,3_личное_содержание
Q74P__middle,Q76P__middle,0.5238157083022176,3_личное_содержание
Q74P__middle,Q77P__middle,0.503855455968132,3_личное_содержание
Q74P__middle,Q82P__middle,0.5070030149219555,4_тон_манера
Q74P__middle,Q84P__middle,0.5009804970228545,4_тон_манера
Q74P__middle,Q89P__middle,0.5015035590575159,3_личное_содержание
Q74P__top,Q75P__middle,0.5784740418350579,4_тон_манера
Q74P__top,Q76P__top,0.6979298409106037,1_среда_страна
Q74P__top,Q77P__top,0.6431120950616727,1_среда_страна
Q74P__top,Q78P__middle,0.5059259749718599,4_тон_манера
Q74P__top,Q79P__middle,0.5605721336197048,4_тон_манера
Q74P__top,Q80P__middle,0.5730423620025674,4_тон_манера
Q74P__top,Q81P__middle,0.5306823090739604,4_тон_манера
Q74P__top,Q82P__top,0.6374564114194994,1_среда_страна
Q74P__top,Q83P__top,0.6616222155628808,1_среда_страна
Q74P__top,Q84P__top,0.6038227389897439,4_тон_манера
Q74P__top,Q85P__top,0.6639731200710874,1_среда_страна
Q74P__top,Q86P__top,0.5696206283343213,4_тон_манера
Q74P__top,Q87P__top,0.6463183540877098,1_среда_страна
Q74P__top,Q88P__middle,0.5214536015574303,4_тон_манера
Q74P__top,Q89P__top,0.6616052060737527,1_среда_страна
Q74P__top,Q113__bottom,0.6242829605889594,1_среда_страна
Q74P__top,Q114__bottom,0.582353066757755,4_тон_манера
Q74P__top,Q115__bottom,0.5907239042799554,4_тон_манера
Q74P__top,Q116__middle,0.561364240758798,4_тон_манера
Q74P__top,Q117__middle,0.54163474969585,4_тон_манера
Q74P__top,Q136P__bottom,0.5330757139114488,4_тон_манера
Q74P__top,Q137P__bottom,0.5040228941380686,4_тон_манера
Q74P__top,Q163__top,0.5632722156267863,4_тон_манера
Q74P__top,Q199P__top,0.5173613390219889,4_тон_манера
Q74P__top,Q227P__bottom,0.5561848277873654,4_тон_манера
Q74P__top,Q230P__bottom,0.5261390039397918,4_тон_манера
Q74P__top,Q231P__bottom,0.510860920568645,4_тон_манера
Q74P__top,Q253P__middle,0.5350271991508557,4_тон_манера
Q75P__bottom,Q79P__bottom,0.5032490169283543,4_тон_манера
Q75P__bottom,Q80P__bottom,0.5179606736402957,3_личное_содержание
Q75P__bottom,Q88P__bottom,0.5080215729109776,4_тон_манера
Q75P__middle,Q76P__top,0.5556182692524778,4_тон_манера
Q75P__middle,Q77P__top,0.5327242257983058,4_тон_манера
Q75P__middle,Q78P__middle,0.5342767295597485,4_тон_манера
Q75P__middle,Q79P__middle,0.5925340890613022,4_тон_манера
Q75P__middle,Q80P__middle,0.6120393354974222,4_тон_манера
Q75P__middle,Q81P__middle,0.5705097059299877,4_тон_манера
Q75P__middle,Q82P__top,0.5117226447881947,4_тон_манера
Q75P__middle,Q83P__top,0.56348928945923,4_тон_манера
Q75P__middle,Q85P__top,0.5532807104094721,4_тон_манера
Q75P__middle,Q87P__top,0.536285698683995,4_тон_манера
Q75P__middle,Q88P__middle,0.5639604788540958,4_тон_манера
Q75P__middle,Q89P__top,0.5506052594963128,4_тон_манера
Q75P__middle,Q113__bottom,0.5472807447329741,4_тон_манера
Q75P__middle,Q115__bottom,0.5387899435076976,4_тон_манера
Q75P__middle,Q116__middle,0.5507762902902457,4_тон_манера
Q75P__middle,Q117__middle,0.5465906003803315,4_тон_манера
Q75P__middle,Q131P__middle,0.5307294914046495,4_тон_манера
Q75P__middle,Q253P__middle,0.5196511470681029,4_тон_манера
Q76P__top,Q77P__top,0.6484534129126995,3_личное_содержание
Q76P__top,Q79P__middle,0.5528952161825328,4_тон_манера
Q76P__top,Q80P__middle,0.5602962525528408,4_тон_манера
Q76P__top,Q81P__middle,0.5280535949276229,4_тон_манера
Q76P__top,Q82P__top,0.6362437351622263,2_группа_демография
Q76P__top,Q83P__top,0.6405476042314873,2_группа_демография
Q76P__top,Q84P__top,0.5982049617566538,4_тон_манера
Q76P__top,Q85P__top,0.6559025346590114,1_среда_страна
Q76P__top,Q86P__top,0.5817547055251974,4_тон_манера
Q76P__top,Q87P__top,0.6355410785378212,2_группа_демография
Q76P__top,Q88P__middle,0.5192673835509909,4_тон_манера
Q76P__top,Q89P__top,0.6299707805760401,3_личное_содержание
Q76P__top,Q113__bottom,0.6093576709796673,1_среда_страна
Q76P__top,Q114__bottom,0.5599872503187421,4_тон_манера
Q76P__top,Q115__bottom,0.5687402766234043,2_группа_демография
Q76P__top,Q116__middle,0.5306693703026162,4_тон_манера
Q76P__top,Q117__middle,0.5147986087737013,4_тон_манера
Q76P__top,Q136P__bottom,0.5179700317182544,4_тон_манера
Q76P__top,Q137P__bottom,0.5202375181774115,4_тон_манера
Q76P__top,Q163__top,0.539500307908859,4_тон_манера
Q76P__top,Q199P__top,0.5508427869379506,4_тон_манера
Q76P__top,Q224P__top,0.5142537313432836,3_личное_содержание
Q76P__top,Q227P__bottom,0.5856560163154316,1_среда_страна
Q76P__top,Q230P__bottom,0.5747782994261867,1_среда_страна
Q76P__top,Q231P__bottom,0.5482752466664967,2_группа_демография
Q76P__top,Q238P__top,0.5248899503605882,4_тон_манера
Q76P__top,Q252__top,0.5186320973887185,4_тон_манера
Q76P__top,Q253P__middle,0.5322187391152908,4_тон_манера
Q77P__middle,Q78P__bottom,0.5458833619210978,4_тон_манера
Q77P__middle,Q79P__bottom,0.5048067490680792,4_тон_манера
Q77P__middle,Q82P__middle,0.5137658771026433,3_личное_содержание
Q77P__middle,Q84P__middle,0.5181157046452205,3_личное_содержание
Q77P__middle,Q89P__middle,0.503962072468676,3_личное_содержание
Q77P__top,Q78P__middle,0.5593274111675127,4_тон_манера
Q77P__top,Q79P__middle,0.5602779736126499,4_тон_манера
Q77P__top,Q80P__middle,0.5627050020500205,4_тон_манера
Q77P__top,Q81P__middle,0.5299276309176801,4_тон_манера
Q77P__top,Q82P__top,0.6454637998580991,3_личное_содержание
Q77P__top,Q83P__top,0.6171939997478886,4_тон_манера
Q77P__top,Q84P__top,0.6304699191858725,3_личное_содержание
Q77P__top,Q85P__top,0.6168427594779367,4_тон_манера
Q77P__top,Q86P__top,0.5882701032283516,4_тон_манера
Q77P__top,Q87P__top,0.6506129104813315,3_личное_содержание
Q77P__top,Q88P__middle,0.5140673745671027,4_тон_манера
Q77P__top,Q89P__top,0.6406617400067182,3_личное_содержание
Q77P__top,Q113__bottom,0.531672983216026,4_тон_манера
Q77P__top,Q114__bottom,0.5414018247070523,4_тон_манера
Q77P__top,Q115__bottom,0.5091221432143866,4_тон_манера
Q77P__top,Q163__top,0.5018933028612399,4_тон_манера
Q78P__bottom,Q79P__bottom,0.6173442011395865,3_личное_содержание
Q78P__bottom,Q80P__bottom,0.5720080067425201,4_тон_манера
Q78P__bottom,Q81P__bottom,0.5534539892939078,4_тон_манера
Q78P__bottom,Q88P__bottom,0.5480633265866305,4_тон_манера
Q78P__bottom,Q112__top,0.5027724174992061,4_тон_манера
Q78P__middle,Q79P__middle,0.5687348706841636,3_личное_содержание
Q78P__middle,Q80P__middle,0.5517823403451316,3_личное_содержание
Q78P__middle,Q81P__middle,0.5379347491535857,4_тон_манера
Q78P__middle,Q84P__top,0.5208391521583962,4_тон_манера
Q78P__middle,Q86P__top,0.5005015045135406,4_тон_манера
Q78P__middle,Q87P__top,0.5266980870529526,4_тон_манера
Q78P__middle,Q88P__middle,0.5233816087942768,4_тон_манера
Q78P__middle,Q89P__top,0.5064884649511979,4_тон_манера
Q79P__bottom,Q80P__bottom,0.7218256357329205,3_личное_содержание
Q79P__bottom,Q81P__bottom,0.6716300720675248,3_личное_содержание
Q79P__bottom,Q88P__bottom,0.6037724122929679,3_личное_содержание
Q79P__middle,Q80P__middle,0.7143837182712097,3_личное_содержание
Q79P__middle,Q81P__middle,0.6647678944248266,3_личное_содержание
Q79P__middle,Q82P__top,0.5607704160246533,4_тон_манера
Q79P__middle,Q83P__top,0.5604580921218223,4_тон_манера
Q79P__middle,Q84P__top,0.5444925002300542,4_тон_манера
Q79P__middle,Q85P__top,0.5625123333239365,4_тон_манера
Q79P__middle,Q86P__top,0.534381796888071,4_тон_манера
Q79P__middle,Q87P__top,0.5445789222431271,4_тон_манера
Q79P__middle,Q88P__middle,0.6000528138020069,3_личное_содержание
Q79P__middle,Q89P__top,0.5563171441360788,4_тон_манера
Q79P__middle,Q113__bottom,0.5083614423488052,4_тон_манера
Q79P__middle,Q117__middle,0.502394547798858,4_тон_манера
Q79P__middle,Q253P__middle,0.5077194098505052,4_тон_манера
Q79P__top,Q80P__top,0.6188625927234193,3_личное_содержание
Q79P__top,Q81P__top,0.5211010291699653,3_личное_содержание
Q80P__bottom,Q81P__bottom,0.7179000245037981,3_личное_содержание
Q80P__bottom,Q88P__bottom,0.61468888133288,3_личное_содержание
Q80P__middle,Q81P__middle,0.68187329493786,3_личное_содержание
Q80P__middle,Q82P__top,0.5695239293126219,4_тон_манера
Q80P__middle,Q83P__top,0.5717221009374599,4_тон_манера
Q80P__middle,Q84P__top,0.5349995472244861,4_тон_манера
Q80P__middle,Q85P__top,0.5696896621020296,4_тон_манера
Q80P__middle,Q86P__top,0.5277722935176045,4_тон_манера
Q80P__middle,Q87P__top,0.55228012099766,4_тон_манера
Q80P__middle,Q88P__middle,0.5912084723632671,3_личное_содержание
Q80P__middle,Q89P__top,0.5626047198477835,4_тон_манера
Q80P__middle,Q113__bottom,0.5226309378806334,4_тон_манера
Q80P__middle,Q114__bottom,0.5115831842576029,4_тон_манера
Q80P__middle,Q115__bottom,0.5147075296278871,4_тон_манера
Q80P__middle,Q116__middle,0.5188071054218264,4_тон_манера
Q80P__middle,Q117__middle,0.5185944087237099,4_тон_манера
Q80P__middle,Q131P__middle,0.5030932284672933,4_тон_манера
Q80P__middle,Q253P__middle,0.5204242834574588,4_тон_манера
Q80P__top,Q81P__top,0.585171568627451,3_личное_содержание
Q81P__bottom,Q88P__bottom,0.6185417997243605,3_личное_содержание
Q81P__middle,Q82P__top,0.5456964580657001,4_тон_манера
Q81P__middle,Q83P__top,0.5409823734423188,4_тон_манера
Q81P__middle,Q84P__top,0.5248591570975587,4_тон_манера
Q81P__middle,Q85P__top,0.5386302910982984,4_тон_манера
Q81P__middle,Q86P__top,0.5224385829674565,4_тон_манера
Q81P__middle,Q87P__top,0.522468443197756,4_тон_манера
Q81P__middle,Q88P__middle,0.5966260378025083,3_личное_содержание
Q81P__middle,Q89P__top,0.5317919075144508,4_тон_манера
Q81P__top,Q88P__top,0.500225850164548,3_личное_содержание
Q82P__bottom,Q83P__bottom,0.6640969162995595,3_личное_содержание
Q82P__bottom,Q84P__bottom,0.5918648064452742,3_личное_содержание
Q82P__bottom,Q85P__bottom,0.5899718142708797,3_личное_содержание
Q82P__bottom,Q86P__bottom,0.5570355860267712,3_личное_содержание
Q82P__bottom,Q87P__bottom,0.5888038064084454,3_личное_содержание
Q82P__bottom,Q89P__bottom,0.5456991313705896,3_личное_содержание
Q82P__middle,Q83P__middle,0.6172300560169982,3_личное_содержание
Q82P__middle,Q84P__middle,0.5942306923968197,3_личное_содержание
Q82P__middle,Q85P__middle,0.55231363524287,3_личное_содержание
Q82P__middle,Q86P__middle,0.5877800581494783,3_личное_содержание
Q82P__middle,Q87P__middle,0.5500166583374979,3_личное_содержание
Q82P__middle,Q89P__middle,0.5731038878266411,3_личное_содержание
Q82P__top,Q83P__top,0.7455593029792018,2_группа_демография
Q82P__top,Q84P__top,0.6915816915816916,3_личное_содержание
Q82P__top,Q85P__top,0.6879497538189623,3_личное_содержание
Q82P__top,Q86P__top,0.6696605056004439,3_личное_содержание
Q82P__top,Q87P__top,0.6911666401400605,1_среда_страна
Q82P__top,Q88P__middle,0.5388391847808534,4_тон_манера
Q82P__top,Q89P__top,0.6929173800012681,2_группа_демография
Q82P__top,Q113__bottom,0.533353374417556,4_тон_манера
Q82P__top,Q114__bottom,0.5117999295526594,4_тон_манера
Q82P__top,Q115__bottom,0.5032759367554689,4_тон_манера
Q82P__top,Q163__top,0.5030582320904902,4_тон_манера
Q83P__bottom,Q84P__bottom,0.6256845732570303,3_личное_содержание
Q83P__bottom,Q85P__bottom,0.6380623325341983,3_личное_содержание
Q83P__bottom,Q86P__bottom,0.5881087063453025,3_личное_содержание
Q83P__bottom,Q87P__bottom,0.6121065375302663,3_личное_содержание
Q83P__bottom,Q89P__bottom,0.5783043317289893,3_личное_содержание
Q83P__middle,Q84P__middle,0.589136690647482,3_личное_содержание
Q83P__middle,Q85P__middle,0.5855517813413382,3_личное_содержание
Q83P__middle,Q86P__middle,0.5796262808921037,4_тон_манера
Q83P__middle,Q87P__middle,0.5694826144103238,3_личное_содержание
Q83P__middle,Q89P__middle,0.5700787401574803,3_личное_содержание
Q83P__top,Q84P__top,0.7046893096668193,3_личное_содержание
Q83P__top,Q85P__top,0.7440675657267403,1_среда_страна
Q83P__top,Q86P__top,0.6819463205497152,3_личное_содержание
Q83P__top,Q87P__top,0.7314647133551369,1_среда_страна
Q83P__top,Q88P__middle,0.560829853862213,4_тон_манера
Q83P__top,Q89P__top,0.7469506292352371,1_среда_страна
Q83P__top,Q113__bottom,0.572965146343986,4_тон_манера
Q83P__top,Q114__bottom,0.5682241206509807,4_тон_манера
Q83P__top,Q115__bottom,0.5718607088414634,4_тон_манера
Q83P__top,Q116__middle,0.5452606517533852,4_тон_манера
Q83P__top,Q117__middle,0.5530781273673047,4_тон_манера
Q83P__top,Q122__top,0.5347423711855928,4_тон_манера
Q83P__top,Q123__top,0.545855419484555,4_тон_манера
Q83P__top,Q163__top,0.5526111653279283,4_тон_манера
Q83P__top,Q253P__middle,0.5133019173710325,4_тон_манера
Q84P__bottom,Q85P__bottom,0.6959653260246033,3_личное_содержание
Q84P__bottom,Q86P__bottom,0.6677561282212445,3_личное_содержание
Q84P__bottom,Q87P__bottom,0.7176998745626196,3_личное_содержание
Q84P__bottom,Q89P__bottom,0.6181107759802578,3_личное_содержание
Q84P__middle,Q85P__middle,0.6566966259024606,3_личное_содержание
Q84P__middle,Q86P__middle,0.6485380347093779,3_личное_содержание
Q84P__middle,Q87P__middle,0.6662550516389762,3_личное_содержание
Q84P__middle,Q88P__bottom,0.5026632824509348,4_тон_манера
Q84P__middle,Q89P__middle,0.6448895970862736,3_личное_содержание
Q84P__top,Q85P__top,0.7413326422483298,3_личное_содержание
Q84P__top,Q86P__top,0.740894646785627,3_личное_содержание
Q84P__top,Q87P__top,0.7691068814055637,2_группа_демография
Q84P__top,Q88P__middle,0.562024835276229,4_тон_манера
Q84P__top,Q89P__top,0.7298519141043847,3_личное_содержание
Q84P__top,Q113__bottom,0.5121140142517815,4_тон_манера
Q85P__bottom,Q86P__bottom,0.6432719010350921,3_личное_содержание
Q85P__bottom,Q87P__bottom,0.6808252427184466,3_личное_содержание
Q85P__bottom,Q89P__bottom,0.6434682964094729,3_личное_содержание
Q85P__middle,Q86P__middle,0.647860875244938,3_личное_содержание
Q85P__middle,Q87P__middle,0.6466688359228829,3_личное_содержание
Q85P__middle,Q89P__middle,0.6326398967908402,3_личное_содержание
Q85P__top,Q86P__top,0.7180433636279041,3_личное_содержание
Q85P__top,Q87P__top,0.7678669558929863,1_среда_страна
Q85P__top,Q88P__middle,0.5711000056789142,4_тон_манера
Q85P__top,Q89P__top,0.76232144409353,1_среда_страна
Q85P__top,Q113__bottom,0.5760658778561591,1_среда_страна
Q85P__top,Q114__bottom,0.5530949771922224,4_тон_манера
Q85P__top,Q115__bottom,0.5571893762084054,4_тон_манера
Q85P__top,Q116__middle,0.5283965695775695,4_тон_манера
Q85P__top,Q117__middle,0.530384956823501,4_тон_манера
Q85P__top,Q123__top,0.5293524507513342,4_тон_манера
Q85P__top,Q163__top,0.5323781924545676,4_тон_манера
Q85P__top,Q199P__top,0.5307533397603635,4_тон_манера
Q85P__top,Q227P__bottom,0.5234975084657104,4_тон_манера
Q85P__top,Q230P__bottom,0.518510900863842,4_тон_манера
Q85P__top,Q253P__middle,0.522163070888204,4_тон_манера
Q86P__bottom,Q87P__bottom,0.6509059319930504,3_личное_содержание
Q86P__bottom,Q89P__bottom,0.5783094098883572,3_личное_содержание
Q86P__middle,Q87P__middle,0.629001578372253,3_личное_содержание
Q86P__middle,Q89P__middle,0.631440329218107,3_личное_содержание
Q86P__top,Q87P__top,0.708822974926161,3_личное_содержание
Q86P__top,Q88P__middle,0.5642404847824607,4_тон_манера
Q86P__top,Q89P__top,0.6914975995044138,3_личное_содержание
Q86P__top,Q113__bottom,0.5106733331337385,4_тон_манера
Q87P__bottom,Q89P__bottom,0.6721323162472375,3_личное_содержание
Q87P__middle,Q89P__middle,0.6768980949740584,3_личное_содержание
Q87P__top,Q88P__middle,0.5663322497477862,4_тон_манера
Q87P__top,Q89P__top,0.7976383553848343,1_среда_страна
Q87P__top,Q113__bottom,0.5527850280446494,4_тон_манера
Q87P__top,Q114__bottom,0.5495595547590802,4_тон_манера
Q87P__top,Q115__bottom,0.5375018826246297,4_тон_манера
Q87P__top,Q117__middle,0.5237572316263124,4_тон_манера
Q87P__top,Q163__top,0.5321064266119796,4_тон_манера
Q87P__top,Q253P__middle,0.5111191516602188,4_тон_манера
Q88P__bottom,Q89P__middle,0.5514807589998226,4_тон_манера
Q88P__middle,Q89P__top,0.5911808669656203,4_тон_манера
Q89P__top,Q113__bottom,0.5688146154935562,4_тон_манера
Q89P__top,Q114__bottom,0.5617977528089888,4_тон_манера
Q89P__top,Q115__bottom,0.5523926757962764,4_тон_манера
Q89P__top,Q117__middle,0.5350283718900044,4_тон_манера
Q89P__top,Q122__top,0.5275206335043497,4_тон_манера
Q89P__top,Q163__top,0.5416153825114193,4_тон_манера
Q89P__top,Q253P__middle,0.510899182561308,4_тон_манера
Q90__middle,Q106__middle,0.5076310550763106,4_тон_манера
Q90__middle,Q107__middle,0.6056758775205378,4_тон_манера
Q90__middle,Q108__middle,0.5200331321737073,4_тон_манера
Q90__middle,Q160__middle,0.5058220998212302,4_тон_манера
Q90__middle,Q161__middle,0.5526604431228216,4_тон_манера
Q90__middle,Q240__middle,0.5702184574230941,4_тон_манера
Q90__middle,Q251__middle,0.553019944363242,4_тон_манера
Q91,Q93,0.5334231919464218,3_личное_содержание
Q93,Q199P__top,0.5024854574299312,4_тон_манера
Q93,Q206P__top,0.5595595595595596,2_группа_демография
Q93,Q235P__bottom,0.5365689028240469,4_тон_манера
Q93,Q242__bottom,0.5416621566038144,4_тон_манера
Q94R,Q171P__top,0.5164611413822771,3_личное_содержание
Q95R,Q96R,0.5440702781844803,3_личное_содержание
Q96R,Q101R,0.5076419772018607,3_личное_содержание
Q97R,Q100R,0.5113763521074226,3_личное_содержание
Q98R,Q99R,0.5075563159395494,3_личное_содержание
Q99R,Q101R,0.5279768786127168,3_личное_содержание
Q99R,Q102R,0.5354607162362487,3_личное_содержание
Q99R,Q103R,0.5331721538789732,3_личное_содержание
Q99R,Q104R,0.5476521028991425,3_личное_содержание
Q100R,Q101R,0.541044344100961,3_личное_содержание
Q101R,Q103R,0.5233163619532516,3_личное_содержание
Q102R,Q103R,0.5104895104895105,3_личное_содержание
Q102R,Q104R,0.5323813523729526,3_личное_содержание
Q103R,Q104R,0.5439083144755091,3_личное_содержание
Q106__middle,Q107__middle,0.5564167433302668,4_тон_манера
Q106__middle,Q108__middle,0.57173964372852,4_тон_манера
Q107__middle,Q108__middle,0.587471861074103,4_тон_манера
Q107__middle,Q160__middle,0.5123177120203879,4_тон_манера
Q107__middle,Q161__middle,0.5510962821734986,4_тон_манера
Q107__middle,Q240__middle,0.5713088503786178,4_тон_манера
Q107__middle,Q251__middle,0.5392976779162774,4_тон_манера
Q109__bottom,Q110__bottom,0.6204105362014222,3_личное_содержание
Q109__bottom,Q162__bottom,0.5024738366127819,4_тон_манера
Q109__bottom,Q163__top,0.5499113743461156,4_тон_манера
Q109__bottom,Q177__bottom,0.5398517886655648,4_тон_манера
Q109__bottom,Q178__bottom,0.5304126872864278,4_тон_манера
Q109__bottom,Q234P__top,0.5213306067764341,4_тон_манера
Q109__bottom,Q238P__top,0.5377827691320392,4_тон_манера
Q109__bottom,Q242__bottom,0.5356593124679323,4_тон_манера
Q109__bottom,Q243__top,0.5317962483622536,4_тон_манера
Q109__bottom,Q246__top,0.5368368310497004,4_тон_манера
Q109__bottom,Q250__top,0.55330303464071,4_тон_манера
Q109__middle,Q110__middle,0.50883594022653,4_тон_манера
Q110__bottom,Q186__bottom,0.5025359464250542,4_тон_манера
Q112__top,Q116__top,0.5601870274572225,4_тон_манера
Q112__top,Q124__top,0.5097370053935373,4_тон_манера
Q112__top,Q126__top,0.5198887679845242,4_тон_манера
Q112__top,Q128__top,0.5199006615239226,4_тон_манера
Q112__top,Q129__top,0.5039499670836076,4_тон_манера
Q112__top,Q140P,0.5209586233304052,4_тон_манера
Q112__top,Q143P__top,0.5334411400560932,4_тон_манера
Q112__top,Q146P__top,0.5092537461546095,4_тон_манера
Q112__top,Q147P__top,0.5047006673486287,4_тон_манера
Q112__top,Q164__top,0.5545524155492637,1_среда_страна
Q112__top,Q169P__top,0.5268651488616463,1_среда_страна
Q112__top,Q170P__top,0.5013942271459794,1_среда_страна
Q112__top,Q172P__top,0.5546628471678267,1_среда_страна
Q112__top,Q173P__top,0.5174839935270527,1_среда_страна
Q112__top,Q182__bottom,0.5194881476819803,1_среда_страна
Q112__top,Q184__bottom,0.515816335897483,1_среда_страна
Q112__top,Q186__bottom,0.5043268757989969,1_среда_страна
Q112__top,Q187__bottom,0.5094215353970217,4_тон_манера
Q112__top,Q188__bottom,0.5221355728854229,1_среда_страна
Q112__top,Q229P__bottom,0.5220653133274492,4_тон_манера
Q112__top,Q253P__bottom,0.5193579531740284,4_тон_манера
Q113__bottom,Q114__bottom,0.7223946129651911,1_среда_страна
Q113__bottom,Q115__bottom,0.7388683730209262,1_среда_страна
Q113__bottom,Q116__middle,0.6631875013733547,1_среда_страна
Q113__bottom,Q117__middle,0.6156993382221427,4_тон_манера
Q113__bottom,Q137P__bottom,0.510639857320857,4_тон_манера
Q113__bottom,Q199P__top,0.5235148233259767,4_тон_манера
Q113__bottom,Q227P__bottom,0.6089191653160454,1_среда_страна
Q113__bottom,Q230P__bottom,0.5780035706784289,1_среда_страна
Q113__bottom,Q231P__bottom,0.5219334292171769,4_тон_манера
Q113__bottom,Q253P__middle,0.5418935373446366,4_тон_манера
Q113__middle,Q114__middle,0.6023789558681947,3_личное_содержание
Q113__middle,Q115__middle,0.6124825770481648,3_личное_содержание
Q113__middle,Q116__top,0.5375421741865386,4_тон_манера
Q113__top,Q114__top,0.5044382247101159,3_личное_содержание
Q113__top,Q115__top,0.5677254180334427,3_личное_содержание
Q114__bottom,Q115__bottom,0.7595979427644636,3_личное_содержание
Q114__bottom,Q116__middle,0.6594756617553933,4_тон_манера
Q114__bottom,Q117__middle,0.6485746323370855,4_тон_манера
Q114__bottom,Q227P__bottom,0.5648243079504147,4_тон_манера
Q114__bottom,Q230P__bottom,0.5352392203189604,4_тон_манера
Q114__bottom,Q253P__middle,0.5159251822889147,4_тон_манера
Q114__middle,Q115__middle,0.5900559233785434,3_личное_содержание
Q114__middle,Q116__top,0.519205221509848,4_тон_манера
Q114__middle,Q117__top,0.5207631874298541,4_тон_манера
Q114__top,Q115__top,0.580690205465789,3_личное_содержание
Q115__bottom,Q116__middle,0.7048004063836092,1_среда_страна
Q115__bottom,Q117__middle,0.647670756868281,4_тон_манера
Q115__bottom,Q227P__bottom,0.5850763670280984,1_среда_страна
Q115__bottom,Q230P__bottom,0.533881291480668,4_тон_манера
Q115__bottom,Q231P__bottom,0.5007417365907932,4_тон_манера
Q115__bottom,Q253P__middle,0.5192099394711691,4_тон_манера
Q115__middle,Q116__top,0.5434263177591617,4_тон_манера
Q116__middle,Q117__middle,0.6902359152576355,3_личное_содержание
Q116__middle,Q227P__bottom,0.559689546446762,4_тон_манера
Q116__middle,Q230P__bottom,0.5074410609037328,4_тон_манера
Q116__middle,Q242__bottom,0.5575983139769517,4_тон_манера
Q116__middle,Q253P__middle,0.5245862053826228,4_тон_манера
Q116__top,Q117__top,0.616351093497725,3_личное_содержание
Q116__top,Q229P__bottom,0.5355236517577765,4_тон_манера
Q116__top,Q253P__bottom,0.5107208553690503,4_тон_манера
Q117__middle,Q253P__middle,0.5104754230459307,4_тон_манера
Q122__top,Q123__top,0.6096608385947871,3_личное_содержание
Q122__top,Q125__top,0.5556056364757793,4_тон_манера
Q122__top,Q127__top,0.5737514731879788,3_личное_содержание
Q123__top,Q125__top,0.5703323158935557,4_тон_манера
Q123__top,Q127__top,0.6550489861436558,3_личное_содержание
Q123__top,Q130P__top,0.5087767707426825,4_тон_манера
Q123__top,Q246__top,0.5942057278956718,4_тон_манера
Q124__bottom,Q126__bottom,0.6800295212855177,3_личное_содержание
Q124__bottom,Q128__bottom,0.5929093238237025,3_личное_содержание
Q124__bottom,Q129__bottom,0.5833333333333334,3_личное_содержание
Q124__middle,Q126__middle,0.5839560845096411,3_личное_содержание
Q124__middle,Q128__middle,0.5058953066935817,3_личное_содержание
Q124__middle,Q129__middle,0.5477519022365691,3_личное_содержание
Q124__top,Q125__top,0.5567098946765064,4_тон_манера
Q124__top,Q126__top,0.7586544898154346,1_среда_страна
Q124__top,Q128__top,0.6836433356840621,1_среда_страна
Q124__top,Q129__top,0.7034211336352842,1_среда_страна
Q124__top,Q130P__middle,0.5468239168866393,4_тон_манера
Q124__top,Q182__bottom,0.5097291110263258,4_тон_манера
Q125__top,Q126__top,0.5645692991256988,4_тон_манера
Q125__top,Q127__top,0.6065868610880117,4_тон_манера
Q125__top,Q128__top,0.5511683753579015,4_тон_манера
Q125__top,Q129__top,0.5789101848264546,4_тон_манера
Q125__top,Q238P__top,0.5379862921131383,4_тон_манера
Q125__top,Q242__bottom,0.5292548076923077,4_тон_манера
Q125__top,Q246__top,0.5286188992731049,4_тон_манера
Q125__top,Q250__top,0.5295545320771303,4_тон_манера
Q126__bottom,Q128__bottom,0.5920775530670233,3_личное_содержание
Q126__bottom,Q129__bottom,0.5782388290193708,3_личное_содержание
Q126__middle,Q128__middle,0.5114496548440848,3_личное_содержание
Q126__middle,Q129__middle,0.5479994410545438,3_личное_содержание
Q126__top,Q128__top,0.6821962658171843,1_среда_страна
Q126__top,Q129__top,0.69850752849364,2_группа_демография
Q126__top,Q130P__middle,0.5435818862785154,4_тон_манера
Q126__top,Q164__top,0.5062241416854177,4_тон_манера
Q126__top,Q169P__top,0.5038524844350087,4_тон_манера
Q126__top,Q170P__top,0.5047898089171975,4_тон_манера
Q126__top,Q182__bottom,0.5115685607349438,4_тон_манера
Q127__top,Q231P__bottom,0.508722747715951,4_тон_манера
Q128__bottom,Q129__bottom,0.5995412679640182,3_личное_содержание
Q128__middle,Q129__middle,0.5433665200277842,3_личное_содержание
Q128__top,Q129__top,0.7446258920362506,2_группа_демография
Q128__top,Q130P__middle,0.536017856740243,4_тон_манера
Q128__top,Q164__top,0.5625516176523394,2_группа_демография
Q128__top,Q167P,0.5508930323846909,4_тон_манера
Q128__top,Q169P__top,0.5443800535996518,1_среда_страна
Q128__top,Q170P__top,0.5132685934132153,1_среда_страна
Q128__top,Q172P__top,0.5298320436158988,4_тон_манера
Q128__top,Q173P__top,0.5409011762197505,4_тон_манера
Q128__top,Q182__bottom,0.5684479230395983,1_среда_страна
Q128__top,Q183__bottom,0.5312202475404634,4_тон_манера
Q128__top,Q184__bottom,0.5471781793990464,4_тон_манера
Q128__top,Q186__bottom,0.5171460928652322,1_среда_страна
Q128__top,Q188__bottom,0.545286208839868,4_тон_манера
Q128__top,Q218P__bottom,0.5425952746373836,4_тон_манера
Q129__top,Q130P__middle,0.5377377466866325,4_тон_манера
Q131P__middle,Q253P__middle,0.5253242534889452,4_тон_манера
Q132P__bottom,Q133P__bottom,0.6050891781506185,3_личное_содержание
Q132P__bottom,Q134P__bottom,0.5450881101883736,3_личное_содержание
Q132P__bottom,Q135P__bottom,0.5413568128185298,3_личное_содержание
Q132P__bottom,Q136P__bottom,0.5782340254577748,3_личное_содержание
Q132P__bottom,Q137P__bottom,0.6049624391318178,3_личное_содержание
Q132P__bottom,Q138P__bottom,0.5500109695047767,3_личное_содержание
Q132P__top,Q136P__top,0.5405009521019482,3_личное_содержание
Q132P__top,Q137P__top,0.5338424322914196,3_личное_содержание
Q133P__bottom,Q134P__bottom,0.501022867675356,4_тон_манера
Q133P__bottom,Q136P__bottom,0.521415584964695,4_тон_манера
Q133P__bottom,Q137P__bottom,0.5728057941226847,3_личное_содержание
Q134P__bottom,Q135P__bottom,0.7640164134232551,3_личное_содержание
Q134P__bottom,Q136P__bottom,0.7339817528108569,3_личное_содержание
Q134P__bottom,Q137P__bottom,0.6561154876959311,3_личное_содержание
Q134P__bottom,Q138P__bottom,0.7471273587743398,3_личное_содержание
Q134P__bottom,Q227P__bottom,0.5508340649692713,4_тон_манера
Q134P__bottom,Q230P__bottom,0.5115694388822142,4_тон_манера
Q134P__bottom,Q231P__bottom,0.5515297730014256,4_тон_манера
Q134P__middle,Q135P__middle,0.5158343040186372,3_личное_содержание
Q134P__middle,Q137P__middle,0.5007793439956628,4_тон_манера
Q135P__bottom,Q136P__bottom,0.7436043553475119,3_личное_содержание
Q135P__bottom,Q137P__bottom,0.6509150885281084,3_личное_содержание
Q135P__bottom,Q138P__bottom,0.7890883562330759,3_личное_содержание
Q135P__bottom,Q203P__bottom,0.5065224307986,4_тон_манера
Q135P__bottom,Q205P__bottom,0.5495692684592061,4_тон_манера
Q135P__bottom,Q210P__bottom,0.624372137686512,4_тон_манера
Q135P__bottom,Q211P__bottom,0.5552833016078733,4_тон_манера
Q135P__bottom,Q212P__bottom,0.6232136891726365,4_тон_манера
Q135P__bottom,Q214P__bottom,0.5241263209135347,4_тон_манера
Q135P__bottom,Q215P__bottom,0.6279732060486944,4_тон_манера
Q135P__bottom,Q216P__bottom,0.5050586806960745,4_тон_манера
Q135P__bottom,Q218P__bottom,0.6188569598242885,4_тон_манера
Q135P__bottom,Q219P__bottom,0.61147654845563,4_тон_манера
Q135P__bottom,Q231P__bottom,0.5270337678110564,4_тон_манера
Q135P__middle,Q138P__middle,0.5541058790969834,3_личное_содержание
Q136P__bottom,Q137P__bottom,0.7137821865766146,3_личное_содержание
Q136P__bottom,Q138P__bottom,0.7781024267510754,3_личное_содержание
Q136P__bottom,Q205P__bottom,0.5282561605936474,4_тон_манера
Q136P__bottom,Q227P__bottom,0.5461987766177621,4_тон_манера
Q136P__bottom,Q230P__bottom,0.5142624476500698,4_тон_манера
Q136P__bottom,Q231P__bottom,0.5338209250442743,4_тон_манера
Q136P__top,Q137P__top,0.6134514368112061,3_личное_содержание
Q137P__bottom,Q138P__bottom,0.7057957169015205,3_личное_содержание
Q137P__bottom,Q227P__bottom,0.5225140937987286,4_тон_манера
Q137P__bottom,Q230P__bottom,0.515564709563041,4_тон_манера
Q137P__bottom,Q231P__bottom,0.5553100255175861,2_группа_демография
Q137P__middle,Q138P__middle,0.546913835956918,4_тон_манера
Q138P__bottom,Q205P__bottom,0.5325924429177612,4_тон_манера
Q138P__bottom,Q211P__bottom,0.5440458760370913,4_тон_манера
Q138P__bottom,Q218P__bottom,0.6077041184971098,4_тон_манера
Q138P__bottom,Q219P__bottom,0.6238904018460387,4_тон_манера
Q138P__bottom,Q231P__bottom,0.5346976824853122,4_тон_манера
Q139P,Q140P,0.6911048940328823,3_личное_содержание
Q142P__bottom,Q143P__bottom,0.668419313162876,3_личное_содержание
Q142P__bottom,Q146P__bottom,0.548198237756506,3_личное_содержание
Q142P__bottom,Q147P__bottom,0.5307752636012432,3_личное_содержание
Q142P__middle,Q143P__middle,0.5033085934006974,3_личное_содержание
Q142P__top,Q143P__top,0.6848879881689215,3_личное_содержание
Q142P__top,Q146P__top,0.5842848304179088,3_личное_содержание
Q142P__top,Q147P__top,0.5769961977186312,3_личное_содержание
Q142P__top,Q148P__top,0.6015747047428607,3_личное_содержание
Q143P__bottom,Q146P__bottom,0.5652360656820961,3_личное_содержание
Q143P__bottom,Q147P__bottom,0.5651758975877843,3_личное_содержание
Q143P__top,Q146P__top,0.6445200472361244,1_среда_страна
Q143P__top,Q147P__top,0.6484811597410501,1_среда_страна
Q143P__top,Q148P__top,0.6309931010493361,2_группа_демография
Q143P__top,Q164__top,0.5060488004921058,4_тон_манера
Q143P__top,Q169P__top,0.5133685947204969,1_среда_страна
Q143P__top,Q172P__top,0.5138993062066379,1_среда_страна
Q143P__top,Q186__bottom,0.5146867423759092,1_среда_страна
Q146P__bottom,Q147P__bottom,0.789357051787991,3_личное_содержание
Q146P__middle,Q147P__middle,0.602626562169032,3_личное_содержание
Q146P__top,Q147P__top,0.8395555068973067,1_среда_страна
Q146P__top,Q148P__top,0.7950438969130558,1_среда_страна
Q146P__top,Q169P__top,0.5088148274934592,4_тон_манера
Q146P__top,Q172P__top,0.509994660227985,4_тон_манера
Q146P__top,Q186__bottom,0.5016478577848796,4_тон_манера
Q147P__top,Q148P__top,0.8185366405520831,1_среда_страна
Q147P__top,Q169P__top,0.5103907297452596,4_тон_манера
Q147P__top,Q170P__top,0.5024649032806987,4_тон_манера
Q147P__top,Q172P__top,0.5095307583565142,4_тон_манера
Q147P__top,Q186__bottom,0.507719787614084,4_тон_манера
Q149__c2,Q150__c2,0.5030729932657326,3_личное_содержание
Q151P,Q182__bottom,0.6235655773496586,4_тон_манера
Q151P,Q186__bottom,0.5304882177681474,1_среда_страна
Q151P,Q254P__top,0.6637037764573,4_тон_манера
Q152__c1,Q156__c1,0.6068441524416051,3_личное_содержание
Q158__bottom,Q159__bottom,0.5743068023139837,3_личное_содержание
Q158__middle,Q159__middle,0.6808879733282737,3_личное_содержание
Q158__top,Q159__top,0.7584906662418014,3_личное_содержание
Q158__top,Q163__top,0.5624704821604912,3_личное_содержание
Q159__top,Q162__bottom,0.5106811665332059,4_тон_манера
Q159__top,Q163__top,0.5719908801514239,3_личное_содержание
Q159__top,Q241__top,0.5020593187410957,4_тон_манера
Q160__bottom,Q161__bottom,0.5599021039750524,3_личное_содержание
Q160__middle,Q161__middle,0.6311679601418032,4_тон_манера
Q160__middle,Q251__middle,0.5039622555082223,4_тон_манера
Q160__top,Q161__top,0.5205158264947245,3_личное_содержание
Q161__middle,Q240__middle,0.5371405750798722,4_тон_манера
Q161__middle,Q251__middle,0.5435508557117017,4_тон_манера
Q162__bottom,Q163__top,0.5192746226517537,4_тон_манера
Q162__bottom,Q242__bottom,0.5116005608068382,4_тон_манера
Q163__top,Q231P__bottom,0.5029676477742642,4_тон_манера
Q163__top,Q238P__top,0.5374608045900326,4_тон_манера
Q163__top,Q243__top,0.5614621157104818,4_тон_манера
Q163__top,Q244__top,0.5592079381037723,4_тон_манера
Q163__top,Q246__top,0.583524516856554,4_тон_манера
Q163__top,Q249__top,0.56088274023893,4_тон_манера
Q163__top,Q250__top,0.5841256043896343,4_тон_манера
Q164__bottom,Q169P__bottom,0.5520222656481317,3_личное_содержание
Q164__bottom,Q172P__bottom,0.5054991991457555,3_личное_содержание
Q164__top,Q165P,0.7473759020336759,1_среда_страна
Q164__top,Q166P,0.7508998517891171,1_среда_страна
Q164__top,Q167P,0.7565613879003559,1_среда_страна
Q164__top,Q168P,0.781161320300702,1_среда_страна
Q164__top,Q169P__top,0.6625968884695784,1_среда_страна
Q164__top,Q170P__top,0.5832565340804364,1_среда_страна
Q164__top,Q172P__top,0.6922069880583812,1_среда_страна
Q164__top,Q173P__top,0.8068485159191755,1_среда_страна
Q164__top,Q182__bottom,0.6808964986533282,1_среда_страна
Q164__top,Q183__bottom,0.7063678782888287,1_среда_страна
Q164__top,Q184__bottom,0.7325017449039856,1_среда_страна
Q164__top,Q186__bottom,0.6011342155009451,1_среда_страна
Q164__top,Q187__bottom,0.7194605943152454,1_среда_страна
Q164__top,Q188__bottom,0.6979338388833938,1_среда_страна
Q164__top,Q193__bottom,0.712663738708502,1_среда_страна
Q164__top,Q195__bottom,0.5702712412430393,4_тон_манера
Q164__top,Q205P__bottom,0.5519746045410524,2_группа_демография
Q164__top,Q209P__bottom,0.5181471389645776,1_среда_страна
Q164__top,Q210P__bottom,0.6787208660506027,4_тон_манера
Q164__top,Q218P__bottom,0.6379160457029309,1_среда_страна
Q164__top,Q254P__top,0.6972876197296571,1_среда_страна
Q164__top,Q255P__top,0.5925773121905719,1_среда_страна
Q164__top,Q257P__top,0.5266964964717118,1_среда_страна
Q165P,Q166P,0.7593073593073593,3_личное_содержание
Q165P,Q167P,0.7100015859513545,1_среда_страна
Q165P,Q168P,0.8191269385410683,3_личное_содержание
Q165P,Q169P__top,0.5682259945574705,1_среда_страна
Q165P,Q170P__top,0.5167799430327984,1_среда_страна
Q165P,Q172P__top,0.582837629433796,1_среда_страна
Q165P,Q173P__top,0.7519711271515824,1_среда_страна
Q165P,Q182__bottom,0.6083603067681451,4_тон_манера
Q165P,Q184__bottom,0.656458944383436,4_тон_манера
Q165P,Q186__bottom,0.5226768909027536,1_среда_страна
Q165P,Q188__bottom,0.6192588393679587,4_тон_манера
Q166P,Q167P,0.8210092430676992,1_среда_страна
Q166P,Q168P,0.8585244216804543,1_среда_страна
Q166P,Q169P__top,0.6107714755370038,1_среда_страна
Q166P,Q170P__top,0.541794919339885,1_среда_страна
Q166P,Q172P__top,0.6112834328860844,1_среда_страна
Q166P,Q173P__top,0.7405976715489029,4_тон_манера
Q166P,Q182__bottom,0.6025272065410051,4_тон_манера
Q166P,Q184__bottom,0.6577382546740237,4_тон_манера
Q166P,Q186__bottom,0.5370478519545936,1_среда_страна
Q166P,Q188__bottom,0.6215744076864287,4_тон_манера
Q167P,Q168P,0.8518110315114473,1_среда_страна
Q167P,Q169P__top,0.6574429977259464,1_среда_страна
Q167P,Q170P__top,0.5773083447774456,1_среда_страна
Q167P,Q172P__top,0.643274514356474,1_среда_страна
Q167P,Q173P__top,0.727571647423682,1_среда_страна
Q167P,Q182__bottom,0.652664300266745,1_среда_страна
Q167P,Q183__bottom,0.652923102474672,1_среда_страна
Q167P,Q184__bottom,0.6979343957914281,1_среда_страна
Q167P,Q186__bottom,0.5840068822023048,1_среда_страна
Q167P,Q187__bottom,0.661332106213996,4_тон_манера
Q167P,Q188__bottom,0.6645754333022296,1_среда_страна
Q167P,Q193__bottom,0.6645899915045107,1_среда_страна
Q167P,Q254P__top,0.6450545361975444,4_тон_манера
Q167P,Q255P__top,0.5710185661691937,4_тон_манера
Q168P,Q169P__top,0.6342204926861471,1_среда_страна
Q168P,Q170P__top,0.5563539564339899,1_среда_страна
Q168P,Q172P__top,0.6324218815168249,1_среда_страна
Q168P,Q173P__top,0.7615778136779753,1_среда_страна
Q168P,Q182__bottom,0.6286636144057104,1_среда_страна
Q168P,Q183__bottom,0.6589979268717779,4_тон_манера
Q168P,Q184__bottom,0.6899411269974769,1_среда_страна
Q168P,Q186__bottom,0.5598113304987004,1_среда_страна
Q168P,Q187__bottom,0.7410336490026194,4_тон_манера
Q168P,Q188__bottom,0.6469537742976853,1_среда_страна
Q168P,Q193__bottom,0.6749693384315706,4_тон_манера
Q168P,Q254P__top,0.6513319238900634,4_тон_манера
Q169P__bottom,Q170P__bottom,0.5972907697154258,3_личное_содержание
Q169P__middle,Q170P__middle,0.6033502329405317,3_личное_содержание
Q169P__top,Q170P__top,0.7425840078783658,1_среда_страна
Q169P__top,Q171P__top,0.5004185657148172,3_личное_содержание
Q169P__top,Q172P__top,0.7112334088701845,1_среда_страна
Q169P__top,Q173P__top,0.6303160287432175,1_среда_страна
Q169P__top,Q182__bottom,0.6315079813840199,1_среда_страна
Q169P__top,Q183__bottom,0.5648685803393726,1_среда_страна
Q169P__top,Q184__bottom,0.6129424274646817,1_среда_страна
Q169P__top,Q185__bottom,0.516186377245509,4_тон_манера
Q169P__top,Q186__bottom,0.6763905384006335,1_среда_страна
Q169P__top,Q187__bottom,0.5621190106384756,1_среда_страна
Q169P__top,Q188__bottom,0.6339198941295672,1_среда_страна
Q169P__top,Q193__bottom,0.5764867995366857,1_среда_страна
Q169P__top,Q205P__bottom,0.5410849111395052,1_среда_страна
Q169P__top,Q209P__bottom,0.56027911200325,1_среда_страна
Q169P__top,Q210P__bottom,0.5366265413975337,1_среда_страна
Q169P__top,Q211P__bottom,0.5411557482555382,2_группа_демография
Q169P__top,Q212P__bottom,0.5364751924800205,2_группа_демография
Q169P__top,Q214P__bottom,0.5352256289867444,1_среда_страна
Q169P__top,Q216P__bottom,0.506052064334273,1_среда_страна
Q169P__top,Q217P__bottom,0.5186956407494022,1_среда_страна
Q169P__top,Q218P__bottom,0.5341225781998974,1_среда_страна
Q169P__top,Q239P__top,0.5065262533372886,4_тон_манера
Q169P__top,Q254P__top,0.5644386110521338,1_среда_страна
Q169P__top,Q255P__top,0.5661913134075666,1_среда_страна
Q169P__top,Q256P__top,0.5170730545766263,1_среда_страна
Q169P__top,Q257P__top,0.5330716707696596,1_среда_страна
Q170P__top,Q172P__top,0.62450236089251,1_среда_страна
Q170P__top,Q173P__top,0.5646943552337924,1_среда_страна
Q170P__top,Q182__bottom,0.5930668265421921,1_среда_страна
Q170P__top,Q183__bottom,0.5347974144083522,1_среда_страна
Q170P__top,Q184__bottom,0.559004319942147,1_среда_страна
Q170P__top,Q185__bottom,0.5203450357106931,4_тон_манера
Q170P__top,Q186__bottom,0.6498072858386175,1_среда_страна
Q170P__top,Q187__bottom,0.5193458652954565,1_среда_страна
Q170P__top,Q188__bottom,0.5791266067238408,1_среда_страна
Q170P__top,Q193__bottom,0.5400867275211374,1_среда_страна
Q170P__top,Q203P__bottom,0.5023424293648877,1_среда_страна
Q170P__top,Q205P__bottom,0.5211147447746338,1_среда_страна
Q170P__top,Q209P__bottom,0.5670935555212673,1_среда_страна
Q170P__top,Q210P__bottom,0.503268216593627,2_группа_демография
Q170P__top,Q211P__bottom,0.5192707131317794,2_группа_демография
Q170P__top,Q212P__bottom,0.5081576842222759,2_группа_демография
Q170P__top,Q214P__bottom,0.5098362244403527,2_группа_демография
Q170P__top,Q216P__bottom,0.5157283719043877,1_среда_страна
Q170P__top,Q217P__bottom,0.5220218177861204,2_группа_демография
Q170P__top,Q218P__bottom,0.506544415653445,4_тон_манера
Q170P__top,Q239P__top,0.5007456724367509,4_тон_манера
Q170P__top,Q254P__top,0.5350696735628615,1_среда_страна
Q170P__top,Q255P__top,0.5349068268126822,1_среда_страна
Q170P__top,Q256P__top,0.5039255300104851,4_тон_манера
Q170P__top,Q257P__top,0.5256353208741225,1_среда_страна
Q171P__bottom,Q172P__bottom,0.666685368043088,3_личное_содержание
Q171P__bottom,Q239P__bottom,0.5179258833668486,4_тон_манера
Q171P__top,Q172P__top,0.5481895633652822,3_личное_содержание
Q172P__bottom,Q173P__middle,0.5085357490886779,4_тон_манера
Q172P__top,Q173P__top,0.6673322823611841,1_среда_страна
Q172P__top,Q182__bottom,0.605306729822061,1_среда_страна
Q172P__top,Q183__bottom,0.5621712146586543,1_среда_страна
Q172P__top,Q184__bottom,0.6139300750503387,1_среда_страна
Q172P__top,Q186__bottom,0.6429447274099227,1_среда_страна
Q172P__top,Q187__bottom,0.5744653604814957,1_среда_страна
Q172P__top,Q188__bottom,0.6275698418712238,1_среда_страна
Q172P__top,Q193__bottom,0.5775014459224985,1_среда_страна
Q172P__top,Q195__bottom,0.5334456968292426,4_тон_манера
Q172P__top,Q205P__bottom,0.5412829821143971,2_группа_демография
Q172P__top,Q209P__bottom,0.5361653534315405,1_среда_страна
Q172P__top,Q210P__bottom,0.5385210586476743,2_группа_демография
Q172P__top,Q211P__bottom,0.5290066913532125,4_тон_манера
Q172P__top,Q212P__bottom,0.5357098933534796,4_тон_манера
Q172P__top,Q214P__bottom,0.5246460468604414,2_группа_демография
Q172P__top,Q217P__bottom,0.5085326813037231,4_тон_манера
Q172P__top,Q218P__bottom,0.5329466108067462,1_среда_страна
Q172P__top,Q254P__top,0.5783557171477332,1_среда_страна
Q172P__top,Q255P__top,0.5547509052316144,1_среда_страна
Q172P__top,Q256P__top,0.5090535449252198,4_тон_манера
Q172P__top,Q257P__top,0.5362773219487248,1_среда_страна
Q173P__top,Q182__bottom,0.6527692048706583,1_среда_страна
Q173P__top,Q183__bottom,0.6722432578626072,4_тон_манера
Q173P__top,Q184__bottom,0.6922232258293042,1_среда_страна
Q173P__top,Q186__bottom,0.5588601567650722,1_среда_страна
Q173P__top,Q187__bottom,0.6977827373732473,4_тон_манера
Q173P__top,Q188__bottom,0.660829293002388,1_среда_страна
Q173P__top,Q193__bottom,0.6801423460309565,4_тон_манера
Q173P__top,Q218P__bottom,0.6164979757085021,4_тон_манера
Q173P__top,Q254P__top,0.6721984328636662,2_группа_демография
Q173P__top,Q255P__top,0.5819995731967563,4_тон_манера
Q173P__top,Q257P__top,0.5105460142012662,4_тон_манера
Q174__c2,Q175__c2,0.7779237629128414,3_личное_содержание
Q177__bottom,Q178__bottom,0.7892887582404202,3_личное_содержание
Q177__bottom,Q179__bottom,0.6969388543894457,3_личное_содержание
Q177__bottom,Q180__bottom,0.7248238826654348,3_личное_содержание
Q177__bottom,Q181__bottom,0.706757919647179,3_личное_содержание
Q177__bottom,Q183__bottom,0.6622720951056412,4_тон_манера
Q177__bottom,Q187__bottom,0.6713232938160846,4_тон_манера
Q177__bottom,Q189__bottom,0.6680501826778422,4_тон_манера
Q177__bottom,Q190__bottom,0.6870849848149483,3_личное_содержание
Q177__bottom,Q191__bottom,0.6844367897149367,4_тон_манера
Q177__bottom,Q192__bottom,0.6754975668615829,4_тон_манера
Q177__bottom,Q194__bottom,0.6844504021447722,4_тон_манера
Q177__bottom,Q231P__bottom,0.5057048506060786,4_тон_манера
Q177__bottom,Q234P__top,0.6702183867559,4_тон_манера
Q177__bottom,Q235P__bottom,0.5418972625636074,4_тон_манера
Q177__bottom,Q238P__top,0.545486219353419,4_тон_манера
Q177__bottom,Q242__bottom,0.572396025027604,4_тон_манера
Q177__bottom,Q243__top,0.6682345812870719,4_тон_манера
Q177__bottom,Q246__top,0.6417803434202302,4_тон_манера
Q177__bottom,Q250__top,0.6752167179907083,4_тон_манера
Q177__middle,Q178__middle,0.5486533274286405,3_личное_содержание
Q178__bottom,Q179__bottom,0.7319453566268226,3_личное_содержание
Q178__bottom,Q180__bottom,0.7672769013421239,3_личное_содержание
Q178__bottom,Q181__bottom,0.7352409143233021,3_личное_содержание
Q178__bottom,Q182__bottom,0.6105012466043984,4_тон_манера
Q178__bottom,Q183__bottom,0.6965477815070261,3_личное_содержание
Q178__bottom,Q184__bottom,0.6579317128003372,4_тон_манера
Q178__bottom,Q186__bottom,0.510492551919104,4_тон_манера
Q178__bottom,Q187__bottom,0.7229926466959483,4_тон_манера
Q178__bottom,Q188__bottom,0.612939416604338,4_тон_манера
Q178__bottom,Q189__bottom,0.6965450161652693,4_тон_манера
Q178__bottom,Q190__bottom,0.6886910124038528,3_личное_содержание
Q178__bottom,Q191__bottom,0.7130297534163125,4_тон_манера
Q178__bottom,Q192__bottom,0.7006575825367771,4_тон_манера
Q178__bottom,Q193__bottom,0.6855737765534582,4_тон_манера
Q178__bottom,Q194__bottom,0.714287777681486,4_тон_манера
Q178__bottom,Q238P__top,0.5359907609578288,4_тон_манера
Q178__bottom,Q242__bottom,0.5493458011670472,4_тон_манера
Q178__bottom,Q250__top,0.6667543213772308,4_тон_манера
Q179__bottom,Q180__bottom,0.8517849594589402,3_личное_содержание
Q179__bottom,Q181__bottom,0.9015088496141491,3_личное_содержание
Q179__bottom,Q183__bottom,0.6635781365558238,4_тон_манера
Q179__bottom,Q187__bottom,0.7535631766141385,3_личное_содержание
Q179__bottom,Q189__bottom,0.9031531531531531,3_личное_содержание
Q179__bottom,Q191__bottom,0.8758426606971538,3_личное_содержание
Q179__bottom,Q192__bottom,0.9109781751249014,3_личное_содержание
Q179__bottom,Q194__bottom,0.8757066666666666,3_личное_содержание
Q179__middle,Q181__middle,0.5213190776761562,3_личное_содержание
Q180__bottom,Q181__bottom,0.8696728109366222,3_личное_содержание
Q180__bottom,Q182__bottom,0.6020945624299381,4_тон_манера
Q180__bottom,Q183__bottom,0.6845157368002619,4_тон_манера
Q180__bottom,Q184__bottom,0.6540311914071016,4_тон_манера
Q180__bottom,Q186__bottom,0.5073386542313096,4_тон_манера
Q180__bottom,Q187__bottom,0.7618604109668782,3_личное_содержание
Q180__bottom,Q188__bottom,0.6097719580863987,4_тон_манера
Q180__bottom,Q189__bottom,0.8199633968767116,3_личное_содержание
Q180__bottom,Q190__bottom,0.6959299404206446,3_личное_содержание
Q180__bottom,Q191__bottom,0.8356005554581856,3_личное_содержание
Q180__bottom,Q192__bottom,0.8203044613882806,3_личное_содержание
Q180__bottom,Q193__bottom,0.6710211392659162,4_тон_манера
Q180__bottom,Q194__bottom,0.8338058612171569,3_личное_содержание
Q180__middle,Q181__middle,0.5276541640178004,3_личное_содержание
Q181__bottom,Q183__bottom,0.6735783714568419,4_тон_манера
Q181__bottom,Q187__bottom,0.7565334019752619,3_личное_содержание
Q181__bottom,Q189__bottom,0.8771321036756267,3_личное_содержание
Q181__bottom,Q190__bottom,0.691925333048277,3_личное_содержание
Q181__bottom,Q191__bottom,0.883356490140544,3_личное_содержание
Q181__bottom,Q192__bottom,0.8825056329305733,3_личное_содержание
Q181__bottom,Q193__bottom,0.6567901234567901,4_тон_манера
Q181__bottom,Q194__bottom,0.8863231445910584,3_личное_содержание
Q182__bottom,Q183__bottom,0.7791751853458068,1_среда_страна
Q182__bottom,Q184__bottom,0.7707226198646926,1_среда_страна
Q182__bottom,Q185__bottom,0.5693730944326107,4_тон_манера
Q182__bottom,Q186__bottom,0.7126764155755824,1_среда_страна
Q182__bottom,Q187__bottom,0.7113900111751053,1_среда_страна
Q182__bottom,Q188__bottom,0.7680001699632455,1_среда_страна
Q182__bottom,Q193__bottom,0.7476578535574206,1_среда_страна
Q182__bottom,Q194__bottom,0.5935807965347131,4_тон_манера
Q182__bottom,Q195__bottom,0.5916421671566569,4_тон_манера
Q182__bottom,Q203P__bottom,0.5200618573936303,1_среда_страна
Q182__bottom,Q205P__bottom,0.5652477172810281,1_среда_страна
Q182__bottom,Q209P__bottom,0.5598673654936357,1_среда_страна
Q182__bottom,Q210P__bottom,0.6306584362139918,1_среда_страна
Q182__bottom,Q211P__bottom,0.5766881610589712,1_среда_страна
Q182__bottom,Q212P__bottom,0.6339968789251322,1_среда_страна
Q182__bottom,Q214P__bottom,0.5441774334305357,1_среда_страна
Q182__bottom,Q215P__bottom,0.6321986595775021,1_среда_страна
Q182__bottom,Q216P__bottom,0.5261591445396373,1_среда_страна
Q182__bottom,Q217P__bottom,0.5352151462994836,2_группа_демография
Q182__bottom,Q218P__bottom,0.6502081141654851,1_среда_страна
Q182__bottom,Q219P__bottom,0.6060562979812341,2_группа_демография
Q182__bottom,Q254P__top,0.6279427327729079,1_среда_страна
Q182__bottom,Q255P__top,0.5812053333333334,1_среда_страна
Q182__bottom,Q257P__top,0.5037863773860436,4_тон_манера
Q182__top,Q185__top,0.553294210679652,3_личное_содержание
Q182__top,Q186__top,0.6058970099667774,3_личное_содержание
Q183__bottom,Q184__bottom,0.7971008791770745,1_среда_страна
Q183__bottom,Q185__bottom,0.5312555304296529,4_тон_манера
Q183__bottom,Q186__bottom,0.6475215432049964,1_среда_страна
Q183__bottom,Q187__bottom,0.7726249912101821,1_среда_страна
Q183__bottom,Q188__bottom,0.7229792008976876,1_среда_страна
Q183__bottom,Q189__bottom,0.6600239541696128,4_тон_манера
Q183__bottom,Q191__bottom,0.6736031676198856,4_тон_манера
Q183__bottom,Q192__bottom,0.644548877583283,4_тон_манера
Q183__bottom,Q193__bottom,0.8053563358418643,1_среда_страна
Q183__bottom,Q194__bottom,0.6687663399941902,4_тон_манера
Q183__bottom,Q195__bottom,0.6140770935570682,4_тон_манера
Q183__bottom,Q203P__bottom,0.5051155666398287,4_тон_манера
Q183__bottom,Q205P__bottom,0.5528880579202801,2_группа_демография
Q183__bottom,Q209P__bottom,0.5164981265863583,4_тон_манера
Q183__bottom,Q210P__bottom,0.6705554588194323,4_тон_манера
Q183__bottom,Q211P__bottom,0.5585435411311054,4_тон_манера
Q183__bottom,Q212P__bottom,0.6696675092358546,4_тон_манера
Q183__bottom,Q214P__bottom,0.5286379885126722,2_группа_демография
Q183__bottom,Q215P__bottom,0.6744012750719298,2_группа_демография
Q183__bottom,Q216P__bottom,0.5156581634696248,4_тон_манера
Q183__bottom,Q217P__bottom,0.5138389569887816,4_тон_манера
Q183__bottom,Q218P__bottom,0.652085247518096,1_среда_страна
Q183__bottom,Q219P__bottom,0.6522981366459627,4_тон_манера
Q183__bottom,Q254P__top,0.6478514419919192,4_тон_манера
Q183__bottom,Q255P__top,0.555827482447342,4_тон_манера
Q183__middle,Q184__middle,0.5148125633232016,3_личное_содержание
Q184__bottom,Q185__bottom,0.5780636919426955,4_тон_манера
Q184__bottom,Q186__bottom,0.6756249288775936,1_среда_страна
Q184__bottom,Q187__bottom,0.7575291554530309,1_среда_страна
Q184__bottom,Q188__bottom,0.7675276752767528,1_среда_страна
Q184__bottom,Q191__bottom,0.6474586892258232,4_тон_манера
Q184__bottom,Q193__bottom,0.7812397570616022,1_среда_страна
Q184__bottom,Q194__bottom,0.645994502536201,4_тон_манера
Q184__bottom,Q195__bottom,0.6083428193735542,4_тон_манера
Q184__bottom,Q205P__bottom,0.5557876446449037,1_среда_страна
Q184__bottom,Q209P__bottom,0.548400374181478,1_среда_страна
Q184__bottom,Q210P__bottom,0.6785175723384249,1_среда_страна
Q184__bottom,Q211P__bottom,0.5776305011542184,2_группа_демография
Q184__bottom,Q212P__bottom,0.6712985909509311,4_тон_манера
Q184__bottom,Q214P__bottom,0.545129446824362,1_среда_страна
Q184__bottom,Q215P__bottom,0.6625267422707738,4_тон_манера
Q184__bottom,Q216P__bottom,0.5235378296504173,1_среда_страна
Q184__bottom,Q217P__bottom,0.525706809493632,2_группа_демография
Q184__bottom,Q218P__bottom,0.6725035995595833,1_среда_страна
Q184__bottom,Q219P__bottom,0.6414694726303021,4_тон_манера
Q184__bottom,Q254P__top,0.6675219197046608,2_группа_демография
Q184__bottom,Q255P__top,0.5770971045526487,4_тон_манера
Q184__bottom,Q257P__top,0.504663515067443,4_тон_манера
Q184__middle,Q188__middle,0.5061986007119185,3_личное_содержание
Q184__top,Q193__top,0.5295269659536005,3_личное_содержание
Q185__bottom,Q186__bottom,0.6709394419398075,1_среда_страна
Q185__bottom,Q188__bottom,0.5596452504523852,4_тон_манера
Q185__bottom,Q193__bottom,0.5357039718141737,4_тон_манера
Q185__bottom,Q209P__bottom,0.5050606273173665,4_тон_манера
Q185__middle,Q186__middle,0.5190014119626281,4_тон_манера
Q185__top,Q186__top,0.6893278708473614,3_личное_содержание
Q186__bottom,Q187__bottom,0.6112892773466708,1_среда_страна
Q186__bottom,Q188__bottom,0.6953226908503634,1_среда_страна
Q186__bottom,Q191__bottom,0.5018956086232705,4_тон_манера
Q186__bottom,Q193__bottom,0.6804746285934786,1_среда_страна
Q186__bottom,Q195__bottom,0.560302368409782,4_тон_манера
Q186__bottom,Q203P__bottom,0.5134537149382628,1_среда_страна
Q186__bottom,Q205P__bottom,0.5455983621812768,1_среда_страна
Q186__bottom,Q209P__bottom,0.5927678099599889,1_среда_страна
Q186__bottom,Q210P__bottom,0.5328981338054142,1_среда_страна
Q186__bottom,Q211P__bottom,0.5496868857704439,1_среда_страна
Q186__bottom,Q212P__bottom,0.5414663793579756,1_среда_страна
Q186__bottom,Q214P__bottom,0.5398792270531401,1_среда_страна
Q186__bottom,Q215P__bottom,0.5273354355538037,1_среда_страна
Q186__bottom,Q216P__bottom,0.5382083821586178,1_среда_страна
Q186__bottom,Q217P__bottom,0.5506979265483127,1_среда_страна
Q186__bottom,Q218P__bottom,0.5440944707109721,1_среда_страна
Q186__bottom,Q254P__top,0.5496488696488696,1_среда_страна
Q186__bottom,Q255P__top,0.5345489653961776,1_среда_страна
Q186__bottom,Q257P__top,0.5251159384915792,1_среда_страна
Q187__bottom,Q188__bottom,0.7330332240544111,1_среда_страна
Q187__bottom,Q189__bottom,0.7617660151349601,3_личное_содержание
Q187__bottom,Q191__bottom,0.7689791021988358,3_личное_содержание
Q187__bottom,Q192__bottom,0.7442307179254596,4_тон_манера
Q187__bottom,Q193__bottom,0.7535054838261835,1_среда_страна
Q187__bottom,Q194__bottom,0.7647976403187838,3_личное_содержание
Q187__bottom,Q195__bottom,0.5893305035693613,4_тон_манера
Q187__bottom,Q205P__bottom,0.5452095904998547,4_тон_манера
Q187__bottom,Q209P__bottom,0.511111474231184,4_тон_манера
Q187__bottom,Q210P__bottom,0.6946938372073868,4_тон_манера
Q187__bottom,Q211P__bottom,0.5529888650126978,4_тон_манера
Q187__bottom,Q212P__bottom,0.684339594879592,4_тон_манера
Q187__bottom,Q215P__bottom,0.6671655498486343,4_тон_манера
Q187__bottom,Q216P__bottom,0.5047767596022616,4_тон_манера
Q187__bottom,Q217P__bottom,0.5039263760082436,4_тон_манера
Q187__bottom,Q218P__bottom,0.6399405133477766,2_группа_демография
Q187__bottom,Q219P__bottom,0.6949599692211861,4_тон_манера
Q187__bottom,Q254P__top,0.6576373822091254,4_тон_манера
Q187__bottom,Q255P__top,0.5761725102452352,4_тон_манера
Q187__bottom,Q257P__top,0.5112709985163442,4_тон_манера
Q188__bottom,Q191__bottom,0.6134738009426116,4_тон_манера
Q188__bottom,Q193__bottom,0.7276263830785471,1_среда_страна
Q188__bottom,Q194__bottom,0.6076466862440261,4_тон_манера
Q188__bottom,Q195__bottom,0.6522649334077678,3_личное_содержание
Q188__bottom,Q205P__bottom,0.5564686688017403,1_среда_страна
Q188__bottom,Q209P__bottom,0.5572058103476416,1_среда_страна
Q188__bottom,Q210P__bottom,0.6324594438006953,1_среда_страна
Q188__bottom,Q211P__bottom,0.5807132563379138,2_группа_демография
Q188__bottom,Q212P__bottom,0.6252186615209825,4_тон_манера
Q188__bottom,Q214P__bottom,0.5507590517941224,1_среда_страна
Q188__bottom,Q215P__bottom,0.6239147669044995,4_тон_манера
Q188__bottom,Q216P__bottom,0.5323567550044574,1_среда_страна
Q188__bottom,Q217P__bottom,0.5356873027865429,1_среда_страна
Q188__bottom,Q218P__bottom,0.6431247245482592,1_среда_страна
Q188__bottom,Q219P__bottom,0.5988861216245367,4_тон_манера
Q188__bottom,Q254P__top,0.6408233276157804,1_среда_страна
Q188__bottom,Q255P__top,0.5969424896869692,1_среда_страна
Q188__bottom,Q257P__top,0.519872813990461,1_среда_страна
Q189__bottom,Q190__bottom,0.7169515195850236,3_личное_содержание
Q189__bottom,Q191__bottom,0.8893219121598255,3_личное_содержание
Q189__bottom,Q192__bottom,0.9132043527532393,3_личное_содержание
Q189__bottom,Q194__bottom,0.8742070417463088,3_личное_содержание
Q189__middle,Q192__middle,0.5080243941582411,3_личное_содержание
Q189__top,Q191__top,0.5309687665431445,3_личное_содержание
Q190__bottom,Q191__bottom,0.7242546333601934,3_личное_содержание
Q190__bottom,Q192__bottom,0.692483754702586,3_личное_содержание
Q190__bottom,Q194__bottom,0.6962358441703879,3_личное_содержание
Q190__bottom,Q195__bottom,0.5979796235537904,4_тон_манера
Q190__bottom,Q231P__bottom,0.503038990825688,4_тон_манера
Q191__bottom,Q192__bottom,0.8919451450189155,3_личное_содержание
Q191__bottom,Q193__bottom,0.666859900581151,4_тон_манера
Q191__bottom,Q194__bottom,0.9042974745360681,3_личное_содержание
Q191__bottom,Q195__bottom,0.5705067867130482,4_тон_манера
Q191__middle,Q194__middle,0.5598357085070633,3_личное_содержание
Q191__top,Q192__top,0.5197092535644394,3_личное_содержание
Q192__bottom,Q194__bottom,0.8970535749692667,3_личное_содержание
Q192__middle,Q194__middle,0.5124706479659834,3_личное_содержание
Q193__bottom,Q194__bottom,0.6707771161528605,4_тон_манера
Q193__bottom,Q195__bottom,0.6271372882010112,4_тон_манера
Q193__bottom,Q203P__bottom,0.5072831392443983,4_тон_манера
Q193__bottom,Q205P__bottom,0.5492480983600179,1_среда_страна
Q193__bottom,Q209P__bottom,0.5276420521711719,1_среда_страна
Q193__bottom,Q210P__bottom,0.6762006322123624,2_группа_демография
Q193__bottom,Q211P__bottom,0.5618076832429885,2_группа_демография
Q193__bottom,Q212P__bottom,0.6811380400421496,2_группа_демография
Q193__bottom,Q214P__bottom,0.5344313725490196,1_среда_страна
Q193__bottom,Q215P__bottom,0.681056963572651,2_группа_демография
Q193__bottom,Q216P__bottom,0.5178277886497065,1_среда_страна
Q193__bottom,Q217P__bottom,0.5159926431727374,4_тон_манера
Q193__bottom,Q218P__bottom,0.6631795951488036,1_среда_страна
Q193__bottom,Q219P__bottom,0.6572679153094463,4_тон_манера
Q193__bottom,Q254P__top,0.6426432848588537,4_тон_манера
Q193__bottom,Q255P__top,0.5595940523955629,4_тон_манера
Q194__bottom,Q195__bottom,0.5685663275427211,4_тон_манера
Q196P__bottom,Q197P__bottom,0.598951656553571,3_личное_содержание
Q196P__bottom,Q198P__bottom,0.5432298460735716,4_тон_манера
Q196P__top,Q197P__top,0.5111298957452803,3_личное_содержание
Q197P__bottom,Q198P__bottom,0.7262474814872962,3_личное_содержание
Q197P__middle,Q198P__middle,0.5473666913154219,3_личное_содержание
Q197P__top,Q198P__top,0.6712453923946946,3_личное_содержание
Q198P__bottom,Q237P__bottom,0.5093688639551193,4_тон_манера
Q199P__top,Q200P__middle,0.5442989907065054,4_тон_манера
Q199P__top,Q206P__top,0.5131544673091951,4_тон_манера
Q199P__top,Q221P__top,0.5195545846463162,4_тон_манера
Q199P__top,Q222P__top,0.5175598103183942,4_тон_манера
Q199P__top,Q234P__top,0.505884612698191,4_тон_манера
Q199P__top,Q238P__top,0.5168695256512342,4_тон_манера
Q201P__bottom,Q203P__bottom,0.543733900772763,4_тон_манера
Q201P__bottom,Q205P__bottom,0.5581732352618289,4_тон_манера
Q201P__bottom,Q209P__bottom,0.5093193872998563,4_тон_манера
Q202P__top,Q221P__top,0.6356456776947705,4_тон_манера
Q202P__top,Q222P__top,0.6795794725588026,4_тон_манера
Q203P__bottom,Q205P__bottom,0.5814765985497693,4_тон_манера
Q203P__bottom,Q209P__bottom,0.5177898508842909,4_тон_манера
Q203P__bottom,Q210P__bottom,0.5212609457092819,4_тон_манера
Q203P__bottom,Q211P__bottom,0.5392254006548337,4_тон_манера
Q203P__bottom,Q212P__bottom,0.5231401346271527,4_тон_манера
Q203P__bottom,Q214P__bottom,0.548273110680497,4_тон_манера
Q203P__bottom,Q215P__bottom,0.5396125609459939,4_тон_манера
Q203P__bottom,Q216P__bottom,0.5373172077623471,4_тон_манера
Q203P__bottom,Q217P__bottom,0.5239278740077604,4_тон_манера
Q203P__bottom,Q218P__bottom,0.5193429175656334,4_тон_манера
Q203P__bottom,Q219P__bottom,0.5020887926778322,4_тон_манера
Q204P__bottom,Q205P__bottom,0.5280630156222573,4_тон_манера
Q204P__bottom,Q206P__bottom,0.6707412877478554,3_личное_содержание
Q204P__bottom,Q207P__bottom,0.6195834398886142,3_личное_содержание
Q204P__top,Q205P__top,0.5089888786858484,4_тон_манера
Q204P__top,Q206P__top,0.752952655865672,2_группа_демография
Q204P__top,Q207P__top,0.7002905770029058,2_группа_демография
Q204P__top,Q208P__top,0.551246930865851,4_тон_манера
Q205P__bottom,Q206P__bottom,0.6046378848434275,4_тон_манера
Q205P__bottom,Q207P__bottom,0.6160241874527589,4_тон_манера
Q205P__bottom,Q209P__bottom,0.5656547349343,2_группа_демография
Q205P__bottom,Q210P__bottom,0.5728845949676187,2_группа_демография
Q205P__bottom,Q211P__bottom,0.5895226906844189,2_группа_демография
Q205P__bottom,Q212P__bottom,0.5693563490521034,2_группа_демография
Q205P__bottom,Q214P__bottom,0.5825768866007316,2_группа_демография
Q205P__bottom,Q215P__bottom,0.5773332075115599,2_группа_демография
Q205P__bottom,Q216P__bottom,0.5620891490319676,1_среда_страна
Q205P__bottom,Q217P__bottom,0.6031855601574884,2_группа_демография
Q205P__bottom,Q218P__bottom,0.5761724627090229,1_среда_страна
Q205P__bottom,Q219P__bottom,0.5427031984409033,2_группа_демография
Q205P__bottom,Q220P__bottom,0.514157452822346,4_тон_манера
Q205P__bottom,Q244__top,0.5305231582010701,4_тон_манера
Q205P__bottom,Q254P__top,0.5369401795924489,4_тон_манера
Q205P__top,Q206P__top,0.5734160679294579,3_личное_содержание
Q205P__top,Q207P__top,0.5279395336676729,4_тон_манера
Q206P__bottom,Q207P__bottom,0.7440525253673649,3_личное_содержание
Q206P__top,Q207P__top,0.778727191811304,2_группа_демография
Q206P__top,Q208P__top,0.5471710411958978,4_тон_манера
Q206P__top,Q242__bottom,0.5450959416995387,4_тон_манера
Q207P__top,Q208P__top,0.5765400483710343,3_личное_содержание
Q209P__bottom,Q210P__bottom,0.6486871995351049,1_среда_страна
Q209P__bottom,Q211P__bottom,0.6987543943405234,1_среда_страна
Q209P__bottom,Q212P__bottom,0.6268909340949963,2_группа_демография
Q209P__bottom,Q213P__bottom,0.615948556272832,4_тон_манера
Q209P__bottom,Q214P__bottom,0.6620872777649504,1_среда_страна
Q209P__bottom,Q215P__bottom,0.6130679883470168,1_среда_страна
Q209P__bottom,Q216P__bottom,0.6634826446679692,1_среда_страна
Q209P__bottom,Q217P__bottom,0.6660922130604237,2_группа_демография
Q209P__bottom,Q218P__bottom,0.6550379198266523,1_среда_страна
Q209P__bottom,Q219P__bottom,0.5573391846633561,4_тон_манера
Q209P__bottom,Q220P__bottom,0.5037935250473143,4_тон_манера
Q209P__bottom,Q254P__top,0.5050056882821388,4_тон_манера
Q209P__middle,Q211P__middle,0.5129760182249177,3_личное_содержание
Q209P__middle,Q218P__middle,0.5086689884918232,4_тон_манера
Q209P__top,Q216P__top,0.5308753120268446,3_личное_содержание
Q209P__top,Q217P__top,0.5257094090036271,3_личное_содержание
Q210P__bottom,Q211P__bottom,0.7159523517131279,2_группа_демография
Q210P__bottom,Q212P__bottom,0.8357294947824098,3_личное_содержание
Q210P__bottom,Q213P__bottom,0.5257686469695365,4_тон_манера
Q210P__bottom,Q214P__bottom,0.6312502211684773,2_группа_демография
Q210P__bottom,Q215P__bottom,0.7707189398931108,3_личное_содержание
Q210P__bottom,Q216P__bottom,0.6055790273824886,1_среда_страна
Q210P__bottom,Q217P__bottom,0.6042724361477778,2_группа_демография
Q210P__bottom,Q218P__bottom,0.7534770444618883,1_среда_страна
Q210P__bottom,Q219P__bottom,0.7654661181401847,3_личное_содержание
Q210P__bottom,Q220P__bottom,0.7187748271607025,4_тон_манера
Q210P__middle,Q211P__middle,0.547829068353957,3_личное_содержание
Q210P__middle,Q212P__middle,0.6028955923489832,3_личное_содержание
Q211P__bottom,Q212P__bottom,0.746574263663569,2_группа_демография
Q211P__bottom,Q213P__bottom,0.5772054032923598,4_тон_манера
Q211P__bottom,Q214P__bottom,0.6809209810450262,1_среда_страна
Q211P__bottom,Q215P__bottom,0.6861340021497672,2_группа_демография
Q211P__bottom,Q216P__bottom,0.6583012841405385,1_среда_страна
Q211P__bottom,Q217P__bottom,0.6561538647869584,2_группа_демография
Q211P__bottom,Q218P__bottom,0.6819172583464618,1_среда_страна
Q211P__bottom,Q219P__bottom,0.6391384473623589,2_группа_демография
Q211P__bottom,Q220P__bottom,0.5965678157458979,4_тон_манера
Q211P__middle,Q212P__middle,0.5995104266724507,3_личное_содержание
Q211P__middle,Q214P__middle,0.5360223470546704,3_личное_содержание
Q212P__bottom,Q213P__bottom,0.52320073256203,4_тон_манера
Q212P__bottom,Q214P__bottom,0.6192038958289223,2_группа_демография
Q212P__bottom,Q215P__bottom,0.7679468838267122,3_личное_содержание
Q212P__bottom,Q216P__bottom,0.5951776649746193,2_группа_демография
Q212P__bottom,Q217P__bottom,0.5983047544816835,4_тон_манера
Q212P__bottom,Q218P__bottom,0.7365513639468081,2_группа_демография
Q212P__bottom,Q219P__bottom,0.7581599799494881,3_личное_содержание
Q212P__bottom,Q220P__bottom,0.7255458992418766,4_тон_манера
Q212P__middle,Q215P__middle,0.5024185488706776,3_личное_содержание
Q213P__bottom,Q214P__bottom,0.6228773854416638,4_тон_манера
Q213P__bottom,Q215P__bottom,0.5501050105010501,4_тон_манера
Q213P__bottom,Q216P__bottom,0.5976407660346721,4_тон_манера
Q213P__bottom,Q217P__bottom,0.592303842810862,4_тон_манера
Q213P__bottom,Q218P__bottom,0.5300831215814634,4_тон_манера
Q214P__bottom,Q215P__bottom,0.6791985127039868,2_группа_демография
Q214P__bottom,Q216P__bottom,0.6975456895171436,1_среда_страна
Q214P__bottom,Q217P__bottom,0.6775344770450432,2_группа_демография
Q214P__bottom,Q218P__bottom,0.6530510961505265,1_среда_страна
Q214P__bottom,Q219P__bottom,0.6059396056900425,2_группа_демография
Q214P__bottom,Q220P__bottom,0.5589465582438176,4_тон_манера
Q215P__bottom,Q216P__bottom,0.686216953969263,1_среда_страна
Q215P__bottom,Q217P__bottom,0.6361323155216285,2_группа_демография
Q215P__bottom,Q218P__bottom,0.7634585042600189,1_среда_страна
Q215P__bottom,Q219P__bottom,0.7987414054306025,3_личное_содержание
Q215P__bottom,Q220P__bottom,0.7285682627891515,4_тон_манера
Q215P__middle,Q216P__middle,0.5530421529699595,4_тон_манера
Q215P__middle,Q219P__middle,0.5771040915836336,3_личное_содержание
Q216P__bottom,Q217P__bottom,0.6911025094135924,1_среда_страна
Q216P__bottom,Q218P__bottom,0.6276119081469993,1_среда_страна
Q216P__bottom,Q219P__bottom,0.6197685114211252,4_тон_манера
Q216P__bottom,Q220P__bottom,0.5482181866693348,4_тон_манера
Q216P__top,Q217P__top,0.5463285969539692,3_личное_содержание
Q217P__bottom,Q218P__bottom,0.6935279596436621,2_группа_демография
Q217P__bottom,Q219P__bottom,0.636464660011879,4_тон_манера
Q217P__bottom,Q220P__bottom,0.5689669566378922,4_тон_манера
Q217P__middle,Q218P__middle,0.5342460018420833,3_личное_содержание
Q218P__bottom,Q219P__bottom,0.7709139195196583,2_группа_демография
Q218P__bottom,Q220P__bottom,0.6996709090298533,4_тон_манера
Q218P__bottom,Q254P__top,0.6302769676196964,4_тон_манера
Q218P__bottom,Q255P__top,0.5667930981561465,4_тон_манера
Q218P__middle,Q219P__middle,0.5409756953584277,3_личное_содержание
Q219P__bottom,Q220P__bottom,0.8229745466644485,3_личное_содержание
Q219P__middle,Q220P__middle,0.5647520997019778,3_личное_содержание
Q221P__bottom,Q222P__bottom,0.7506949623703302,3_личное_содержание
Q221P__middle,Q222P__middle,0.6795849021948756,3_личное_содержание
Q221P__top,Q222P__top,0.8795809587045131,2_группа_демография
Q221P__top,Q234P__top,0.6556941911485888,3_личное_содержание
Q221P__top,Q238P__top,0.5426744955010921,3_личное_содержание
Q221P__top,Q254P__top,0.6360294817833813,3_личное_содержание
Q222P__top,Q234P__top,0.6969836111896016,3_личное_содержание
Q222P__top,Q238P__top,0.5418101054969462,4_тон_манера
Q224P__bottom,Q229P__bottom,0.6276809134392841,3_личное_содержание
Q224P__bottom,Q253P__bottom,0.5023911634938756,4_тон_манера
Q224P__middle,Q229P__middle,0.5170717011448082,4_тон_манера
Q224P__top,Q229P__top,0.5585229367020742,3_личное_содержание
Q224P__top,Q231P__bottom,0.5097071758017805,4_тон_манера
Q224P__top,Q232P__top,0.5529595533251355,3_личное_содержание
Q224P__top,Q233P__top,0.5013818057494516,4_тон_манера
Q224P__top,Q251__top,0.5164555287268878,4_тон_манера
Q225P__bottom,Q231P__bottom,0.5135969466505768,4_тон_манера
Q226P__bottom,Q227P__bottom,0.5760445261540786,3_личное_содержание
Q226P__bottom,Q230P__bottom,0.5724633704658948,3_личное_содержание
Q226P__bottom,Q231P__bottom,0.5143842842072249,4_тон_манера
Q227P__bottom,Q230P__bottom,0.7253128484698302,1_среда_страна
Q227P__bottom,Q231P__bottom,0.61214419407375,1_среда_страна
Q227P__bottom,Q235P__bottom,0.5472638036809816,4_тон_манера
Q227P__bottom,Q253P__middle,0.5132575757575758,4_тон_манера
Q227P__top,Q230P__top,0.6299243348791799,3_личное_содержание
Q228P__bottom,Q229P__bottom,0.58193265176457,3_личное_содержание
Q228P__middle,Q229P__middle,0.5216326024253326,4_тон_манера
Q229P__bottom,Q253P__bottom,0.5351915953118358,4_тон_манера
Q229P__middle,Q232P__middle,0.5021044895777659,4_тон_манера
Q230P__bottom,Q231P__bottom,0.6087639801985385,1_среда_страна
Q230P__bottom,Q235P__bottom,0.5077576186385,4_тон_манера
Q230P__bottom,Q253P__middle,0.5078951482620251,4_тон_манера
Q231P__bottom,Q233P__top,0.5047153702682113,4_тон_манера
Q231P__bottom,Q234P__top,0.5005527346311668,4_тон_манера
Q231P__bottom,Q235P__bottom,0.5158843053579896,4_тон_манера
Q231P__bottom,Q237P__bottom,0.5270349404645716,4_тон_манера
Q231P__bottom,Q238P__top,0.5301471319216622,4_тон_манера
Q231P__bottom,Q239P__bottom,0.5181661609119987,4_тон_манера
Q231P__bottom,Q242__bottom,0.541610804905904,4_тон_манера
Q231P__bottom,Q243__top,0.5188016274195537,4_тон_манера
Q231P__bottom,Q244__top,0.5031043359749634,4_тон_манера
Q231P__bottom,Q245__bottom,0.5248429944978603,4_тон_манера
Q231P__bottom,Q246__top,0.5195584817970565,4_тон_манера
Q231P__bottom,Q249__top,0.5125138310764529,4_тон_манера
Q231P__bottom,Q250__top,0.5193401931045422,4_тон_манера
Q232P__bottom,Q233P__bottom,0.5009676317686791,3_личное_содержание
Q232P__middle,Q233P__middle,0.5345955821292144,4_тон_манера
Q232P__top,Q233P__top,0.6096156007643025,3_личное_содержание
Q234AP__bottom,Q253P__bottom,0.5331951004108589,4_тон_манера
Q234P__top,Q238P__top,0.5771379148798155,3_личное_содержание
Q234P__top,Q243__top,0.6998816101026045,4_тон_манера
Q234P__top,Q246__top,0.6326767511880147,4_тон_манера
Q234P__top,Q250__top,0.7040008445054365,4_тон_манера
Q234P__top,Q254P__top,0.6575940980553665,3_личное_содержание
Q235P__bottom,Q236P__bottom,0.5462580481388318,3_личное_содержание
Q235P__bottom,Q237P__bottom,0.5497949060383478,4_тон_манера
Q235P__bottom,Q238P__top,0.5375293822314521,4_тон_манера
Q235P__bottom,Q239P__bottom,0.5083046501420684,4_тон_манера
Q235P__bottom,Q242__bottom,0.584052958288476,2_группа_демография
Q235P__bottom,Q243__top,0.542699861138663,4_тон_манера
Q235P__bottom,Q245__bottom,0.5214530139510397,4_тон_манера
Q235P__bottom,Q246__top,0.5488805451258517,4_тон_манера
Q237P__bottom,Q238P__top,0.543033876190016,4_тон_манера
Q237P__bottom,Q239P__bottom,0.6687865097407268,2_группа_демография
Q237P__bottom,Q242__bottom,0.5386096306904891,4_тон_манера
Q237P__bottom,Q245__bottom,0.6232395329121886,2_группа_демография
Q237P__top,Q239P__top,0.5600518326545724,3_личное_содержание
Q238P__top,Q242__bottom,0.56054713995026,4_тон_манера
Q238P__top,Q243__top,0.5684432889177771,4_тон_манера
Q238P__top,Q244__top,0.54875071306332,4_тон_манера
Q238P__top,Q245__bottom,0.5216369451444078,4_тон_манера
Q238P__top,Q246__top,0.5770179284428091,4_тон_манера
Q238P__top,Q249__top,0.5516609908115402,4_тон_манера
Q238P__top,Q250__top,0.6202077912625775,4_тон_манера
Q238P__top,Q254P__top,0.5302852751897033,4_тон_манера
Q238P__top,Q255P__top,0.5319686467577898,4_тон_манера
Q238P__top,Q257P__top,0.5146703171343828,4_тон_манера
Q239P__bottom,Q242__bottom,0.5781464530892448,3_личное_содержание
Q239P__bottom,Q245__bottom,0.5576640310722708,3_личное_содержание
Q240__middle,Q251__middle,0.5649354530241454,4_тон_манера
Q241__middle,Q244__middle,0.5787123511557319,4_тон_манера
Q241__middle,Q247__middle,0.5559024722545486,4_тон_манера
Q241__middle,Q248__middle,0.5242116808335618,4_тон_манера
Q241__top,Q243__top,0.5168040278356797,4_тон_манера
Q241__top,Q244__top,0.6044479213232007,4_тон_манера
Q241__top,Q246__top,0.5422247994587803,4_тон_манера
Q241__top,Q247__top,0.5431974630675226,4_тон_манера
Q242__bottom,Q243__top,0.5697013149961707,4_тон_манера
Q242__bottom,Q245__bottom,0.6218762326844096,3_личное_содержание
Q242__bottom,Q246__top,0.5678299504805152,4_тон_манера
Q242__bottom,Q249__top,0.5679963954105852,4_тон_манера
Q242__bottom,Q250__top,0.567861998015946,4_тон_манера
Q242__middle,Q245__middle,0.554286313141899,4_тон_манера
Q242__middle,Q246__middle,0.5528011394465545,4_тон_манера
Q243__middle,Q246__middle,0.508414766558089,4_тон_манера
Q243__middle,Q249__middle,0.5491759465478842,3_личное_содержание
Q243__top,Q244__top,0.6143925263443174,4_тон_манера
Q243__top,Q246__top,0.7319386694386695,3_личное_содержание
Q243__top,Q249__top,0.8245418426796903,3_личное_содержание
Q243__top,Q250__top,0.7142380369658153,3_личное_содержание
Q244__middle,Q245__middle,0.5147357723577236,4_тон_манера
Q244__middle,Q246__middle,0.5487549664856995,4_тон_манера
Q244__middle,Q247__middle,0.5637608578785049,4_тон_манера
Q244__middle,Q248__middle,0.5299117269273865,4_тон_манера
Q244__top,Q246__top,0.6476814322486457,4_тон_манера
Q244__top,Q247__top,0.5377658383702709,4_тон_манера
Q244__top,Q249__top,0.5930580490724118,4_тон_манера
Q244__top,Q250__top,0.582416791172394,4_тон_манера
Q245__middle,Q246__middle,0.5685120022297321,4_тон_манера
Q245__middle,Q247__middle,0.5039344065353195,4_тон_манера
Q245__middle,Q248__middle,0.5013168938670371,4_тон_манера
Q246__middle,Q247__middle,0.5341749735797321,4_тон_манера
Q246__middle,Q248__middle,0.5153899240855763,4_тон_манера
Q246__top,Q249__top,0.7187219587232406,3_личное_содержание
Q246__top,Q250__top,0.6980585550076082,4_тон_манера
Q247__middle,Q248__middle,0.5911715607126242,3_личное_содержание
Q247__top,Q248__top,0.5726335520149953,3_личное_содержание
Q249__top,Q250__top,0.7063560450578891,3_личное_содержание
Q251__middle,Q252__middle,0.5294972193848598,4_тон_манера
Q251__middle,Q253P__middle,0.5128725828651368,4_тон_манера
Q251__top,Q252__top,0.6416543059069889,3_личное_содержание
Q254P__top,Q255P__top,0.6430354562006119,3_личное_содержание
Q254P__top,Q256P__top,0.5365442846328539,4_тон_манера
Q254P__top,Q257P__top,0.6054341405788541,3_личное_содержание
Q255P__middle,Q256P__middle,0.6473657913728974,3_личное_содержание
Q255P__middle,Q257P__middle,0.5904661499886027,3_личное_содержание
Q255P__top,Q256P__top,0.7332639900145621,3_личное_содержание
Q255P__top,Q257P__top,0.70340259579473,1_среда_страна
Q256P__bottom,Q257P__bottom,0.5147329066599075,3_личное_содержание
Q256P__middle,Q257P__middle,0.6349228416516057,3_личное_содержание
Q256P__top,Q257P__top,0.7451114035912382,1_среда_страна
Q258P__bottom,Q259P__bottom,0.7765563755009087,2_группа_демография
Q258P__middle,Q259P__middle,0.631146432194792,3_личное_содержание
Q258P__top,Q259P__top,0.7218398339342292,3_личное_содержание
